"","SpeciesAuthor","SpeciesAccepted","CommonName","Genus","Family","Order","Class","Phylum","Kingdom","OrganismType","DicotMonoc","AngioGymno","Authors","Journal","YearPublication","DOI.ISBN","AdditionalSource","StudyDuration","StudyStart","StudyEnd","AnnualPeriodicity","NumberPopulations","MatrixCriteriaSize","MatrixCriteriaOntogeny","MatrixCriteriaAge","MatrixPopulation","Lat","Lon","Altitude","Country","Continent","Ecoregion","StudiedSex","MatrixComposite","MatrixTreatment","MatrixCaptivity","MatrixStartYear","MatrixStartSeason","MatrixStartMonth","MatrixEndYear","MatrixEndSeason","MatrixEndMonth","MatrixSplit","MatrixFec","Observation","MatrixDimension","SurvivalIssue","UID1","checkY","checknote","habitatAuthor","UID_new","Mean_repro","Net_repro","Age_50_dead","Age_99_dead","Age_999_dead","survival_index99","Survival_index999","Survival_index_La_RepExp","Growth","Retrogression","Repro_life_expectancy","Age_at_Maturity","GiniF_repro","Gini_life99","Gini_life999","Gen_time","NSeedStages"
"117","Arenaria_serpyllifolia","Arenaria serpyllifolia",NA,"Arenaria","Caryophyllaceae","Caryophyllales","Magnoliopsida","Magnoliophyta","Plantae","Annual","Eudicot","Angiosperm","Dostál","J Veg Sci","2007","10.1111/j.1654-1103.2007.tb02519.x",NA,3,2000,2002,"1",1,"No","Yes","No","Type 1: = 40% bar soil",50.5166666666667,13.9833333333333,446,"CZE","Europe","TBM","A","Individual","Unmanipulated","W",2000,NA,NA,2002,NA,NA,"Divided","Yes",NA,2,0.183285,1,"Y_edits","DOI added, excel supplied by author so I can't see it, but transition types match paper","grassland and scree",1,2.38234394460511,2.38234394460511,2,4,5,0.5,0.4,1,0,0,1,1,1,1,1,1.12212635944325,1
"120","Arenaria_serpyllifolia","Arenaria serpyllifolia",NA,"Arenaria","Caryophyllaceae","Caryophyllales","Magnoliopsida","Magnoliophyta","Plantae","Annual","Eudicot","Angiosperm","Dostál","J Veg Sci","2007","10.1111/j.1654-1103.2007.tb02519.x",NA,3,2000,2002,"1",1,"No","Yes","No","Type 2: 25.1-39.9% bar soil",50.5166666666667,13.9833333333333,446,"CZE","Europe","TBM","A","Individual","Unmanipulated","W",2000,NA,NA,2002,NA,NA,"Divided","Yes",NA,2,0.2126925,2,"Y_edits","DOI added, excel supplied by author so I can't see it, but transition types match paper","grassland and scree",2,1.70401375047454,1.70401375047454,2,4,6,0.5,0.333333333333333,1,0,0,1,1,1,1,1,1.18703823554643,1
"123","Arenaria_serpyllifolia","Arenaria serpyllifolia",NA,"Arenaria","Caryophyllaceae","Caryophyllales","Magnoliopsida","Magnoliophyta","Plantae","Annual","Eudicot","Angiosperm","Dostál","J Veg Sci","2007","10.1111/j.1654-1103.2007.tb02519.x",NA,3,2000,2002,"1",1,"No","Yes","No","Type 3: 10.1-25% bar soil",50.5166666666667,13.9833333333333,446,"CZE","Europe","TBM","A","Individual","Unmanipulated","W",2000,NA,NA,2002,NA,NA,"Divided","Yes",NA,2,0.224135,3,"Y_edits","DOI added, excel supplied by author so I can't see it, but transition types match paper","grassland and scree",3,1.40937843066276,1.40937843066275,2,5,6,0.4,0.333333333333333,1,0,0,1,1,1,1,1,1.22290096803547,1
"126","Arenaria_serpyllifolia","Arenaria serpyllifolia",NA,"Arenaria","Caryophyllaceae","Caryophyllales","Magnoliopsida","Magnoliophyta","Plantae","Annual","Eudicot","Angiosperm","Dostál","J Veg Sci","2007","10.1111/j.1654-1103.2007.tb02519.x",NA,3,2000,2002,"1",1,"No","Yes","No","Type 4: 5.1-10% bar soil",50.5166666666667,13.9833333333333,446,"CZE","Europe","TBM","A","Individual","Unmanipulated","W",2000,NA,NA,2002,NA,NA,"Divided","Yes",NA,2,0.2338605,4,"Y_edits","DOI added, excel supplied by author so I can't see it, but transition types match paper","grassland and scree",4,1.3973139284624,1.39731392846239,2,5,6,0.4,0.333333333333333,1,0,0,1,1,1,1,1,1.40112870969496,1
"129","Arenaria_serpyllifolia","Arenaria serpyllifolia",NA,"Arenaria","Caryophyllaceae","Caryophyllales","Magnoliopsida","Magnoliophyta","Plantae","Annual","Eudicot","Angiosperm","Dostál","J Veg Sci","2007","10.1111/j.1654-1103.2007.tb02519.x",NA,3,2000,2002,"1",1,"No","Yes","No","Type 5: 0-5% bar soil",50.5166666666667,13.9833333333333,446,"CZE","Europe","TBM","A","Individual","Unmanipulated","W",2000,NA,NA,2002,NA,NA,"Divided","Yes",NA,2,0.237751,5,"Y_edits","DOI added, excel supplied by author so I can't see it, but transition types match paper","grassland and scree",5,1.05856671604018,1.05856671604018,2,5,6,0.4,0.333333333333333,1,0,0,1,1,1,1,1,1.28766105828652,1
"212","Myosotis_ramosissima","Myosotis ramosissima",NA,"Myosotis","Boraginaceae","Lamiales","Magnoliopsida","Magnoliophyta","Plantae","Annual","Eudicot","Angiosperm","Dostal","J Veg Sci","2007","10.1111/j.1654-1103.2007.tb02519.x",NA,3,2000,2002,"1",1,"No","Yes","No","Type 1: = 40% bar soil",50.5166666666667,13.9833333333333,446,"CZE","Europe","TBM","A","Individual","Unmanipulated","W",2000,NA,NA,2002,NA,NA,"Divided","Yes",NA,2,0.116206,6,"Y","Correct as is","grassland and scree",6,5.87080533326216,5.87080533326216,2,3,4,0.666666666666667,0.5,1,0,0,1,1,1,1,1,1.01137303165133,1
"215","Myosotis_ramosissima","Myosotis ramosissima",NA,"Myosotis","Boraginaceae","Lamiales","Magnoliopsida","Magnoliophyta","Plantae","Annual","Eudicot","Angiosperm","Dostal","J Veg Sci","2007","10.1111/j.1654-1103.2007.tb02519.x",NA,3,2000,2002,"1",1,"No","Yes","No","Type 2: 25.1-39.9% bar soil",50.5166666666667,13.9833333333333,446,"CZE","Europe","TBM","A","Individual","Unmanipulated","W",2000,NA,NA,2002,NA,NA,"Divided","Yes",NA,2,0.111605,7,"Y","Correct as is","grassland and scree",7,4.4296532073293,4.4296532073293,2,3,4,0.666666666666667,0.5,1,0,0,1,1,1,1,1,1.01890995496947,1
"218","Myosotis_ramosissima","Myosotis ramosissima",NA,"Myosotis","Boraginaceae","Lamiales","Magnoliopsida","Magnoliophyta","Plantae","Annual","Eudicot","Angiosperm","Dostal","J Veg Sci","2007","10.1111/j.1654-1103.2007.tb02519.x",NA,3,2000,2002,"1",1,"No","Yes","No","Type 3: 10.1-25% bar soil",50.5166666666667,13.9833333333333,446,"CZE","Europe","TBM","A","Individual","Unmanipulated","W",2000,NA,NA,2002,NA,NA,"Divided","Yes",NA,2,0.107696,8,"Y","Correct as is","grassland and scree",8,3.84356271426938,3.84356271426938,2,3,4,0.666666666666667,0.5,1,0,0,1,1,1,1,1,1.02267623183264,1
"221","Myosotis_ramosissima","Myosotis ramosissima",NA,"Myosotis","Boraginaceae","Lamiales","Magnoliopsida","Magnoliophyta","Plantae","Annual","Eudicot","Angiosperm","Dostal","J Veg Sci","2007","10.1111/j.1654-1103.2007.tb02519.x",NA,3,2000,2002,"1",1,"No","Yes","No","Type 4: 5.1-10% bar soil",50.5166666666667,13.9833333333333,446,"CZE","Europe","TBM","A","Individual","Unmanipulated","W",2000,NA,NA,2002,NA,NA,"Divided","Yes",NA,2,0.1056695,9,"Y","Correct as is","grassland and scree",9,3.50534854733924,3.50534854733924,2,3,4,0.666666666666667,0.5,1,0,0,1,1,1,1,1,1.05236842134746,1
"224","Myosotis_ramosissima","Myosotis ramosissima",NA,"Myosotis","Boraginaceae","Lamiales","Magnoliopsida","Magnoliophyta","Plantae","Annual","Eudicot","Angiosperm","Dostal","J Veg Sci","2007","10.1111/j.1654-1103.2007.tb02519.x",NA,3,2000,2002,"1",1,"No","Yes","No","Type 5: 0-5% bar soil",50.5166666666667,13.9833333333333,446,"CZE","Europe","TBM","A","Individual","Unmanipulated","W",2000,NA,NA,2002,NA,NA,"Divided","Yes",NA,2,0.1048595,10,"Y","Correct as is","grassland and scree",10,3.15950766973543,3.15950766973543,2,3,4,0.666666666666667,0.5,1,0,0,1,0.999999999999999,1,1,1,1.02928637883475,1
"326","Saxifraga_tridactylites","Saxifraga tridactylites",NA,"Saxifraga","Saxifragaceae","Saxifragales","Magnoliopsida","Magnoliophyta","Plantae","Annual","Eudicot","Angiosperm","Dostál","J Veg Sci","2007","10.1111/j.1654-1103.2007.tb02519.x",NA,3,2000,2002,"1",1,"No","Yes","No","Type 1: = 40% bar soil",50.5166666666667,13.9833333333333,446,"CZE","Europe","TBM","A","Individual","Unmanipulated","W",2000,NA,NA,2002,NA,NA,"Divided","Yes",NA,2,0.1956395,11,"Y","Correct as is","grassland and scree",11,3.07220875835521,3.07220875835521,2,4,6,0.5,0.333333333333333,1,0,0,1,1,1,1,1,1.11413522815604,1
"329","Saxifraga_tridactylites","Saxifraga tridactylites",NA,"Saxifraga","Saxifragaceae","Saxifragales","Magnoliopsida","Magnoliophyta","Plantae","Annual","Eudicot","Angiosperm","Dostál","J Veg Sci","2007","10.1111/j.1654-1103.2007.tb02519.x",NA,3,2000,2002,"1",1,"No","Yes","No","Type 2: 25.1-39.9% bar soil",50.5166666666667,13.9833333333333,446,"CZE","Europe","TBM","A","Individual","Unmanipulated","W",2000,NA,NA,2002,NA,NA,"Divided","Yes",NA,2,0.1977975,12,"Y","Correct as is","grassland and scree",12,1.6602159926794,1.6602159926794,2,4,6,0.5,0.333333333333333,1,0,0,1,1,1,1,1,1.17407782956853,1
"332","Saxifraga_tridactylites","Saxifraga tridactylites",NA,"Saxifraga","Saxifragaceae","Saxifragales","Magnoliopsida","Magnoliophyta","Plantae","Annual","Eudicot","Angiosperm","Dostál","J Veg Sci","2007","10.1111/j.1654-1103.2007.tb02519.x",NA,3,2000,2002,"1",1,"No","Yes","No","Type 3: 10.1-25% bar soil",50.5166666666667,13.9833333333333,446,"CZE","Europe","TBM","A","Individual","Unmanipulated","W",2000,NA,NA,2002,NA,NA,"Divided","Yes",NA,2,0.197942,13,"Y","Correct as is","grassland and scree",13,1.06570336650592,1.06570336650592,2,4,6,0.5,0.333333333333333,1,0,0,1,1,1,1,1,1.21935102637648,1
"335","Saxifraga_tridactylites","Saxifraga tridactylites",NA,"Saxifraga","Saxifragaceae","Saxifragales","Magnoliopsida","Magnoliophyta","Plantae","Annual","Eudicot","Angiosperm","Dostál","J Veg Sci","2007","10.1111/j.1654-1103.2007.tb02519.x",NA,3,2000,2002,"1",1,"No","Yes","No","Type 4: 5.1-10% bar soil",50.5166666666667,13.9833333333333,446,"CZE","Europe","TBM","A","Individual","Unmanipulated","W",2000,NA,NA,2002,NA,NA,"Divided","Yes",NA,2,0.1984895,14,"Y","Correct as is","grassland and scree",14,0.620741958409391,0.620741958409387,2,4,6,0.5,0.333333333333333,1,0,0,1,1,1,1,1,1.3897195646569,1
"338","Saxifraga_tridactylites","Saxifraga tridactylites",NA,"Saxifraga","Saxifragaceae","Saxifragales","Magnoliopsida","Magnoliophyta","Plantae","Annual","Eudicot","Angiosperm","Dostál","J Veg Sci","2007","10.1111/j.1654-1103.2007.tb02519.x",NA,3,2000,2002,"1",1,"No","Yes","No","Type 5: 0-5% bar soil",50.5166666666667,13.9833333333333,446,"CZE","Europe","TBM","A","Individual","Unmanipulated","W",2000,NA,NA,2002,NA,NA,"Divided","Yes",NA,2,0.198709,15,"Y","Correct as is","grassland and scree",15,0.382318381119408,0.382318381119403,2,4,6,0.5,0.333333333333333,1,0,0,1,1,1,1,1,1.42821117053331,1
"367","Veronica_arvensis","Veronica arvensis",NA,"Veronica","Plantaginaceae","Malpighiales","Magnoliopsida","Magnoliophyta","Plantae","Annual","Eudicot","Angiosperm","Dostal","J Veg Sci","2007","10.1111/j.1654-1103.2007.tb02519.x","Burns in prep.",3,2000,2002,"1",1,"No","Yes","No","Type 1: = 40% bar soil",50.5166666666667,13.9833333333333,446,"CZE","Europe","TBM","A","Individual","Unmanipulated","W",2000,NA,NA,2002,NA,NA,"Divided","Yes",NA,2,0.336955,16,"Y_edits","DOI added, excel supplied by author so I can't see it, but transition types match paper","grassland and scree",16,2.25807911761044,2.25807911761044,2,5,7,0.4,0.285714285714286,1,0,0,1,1,1,1,1,1.19622212372917,1
"370","Veronica_arvensis","Veronica arvensis",NA,"Veronica","Plantaginaceae","Malpighiales","Magnoliopsida","Magnoliophyta","Plantae","Annual","Eudicot","Angiosperm","Dostal","J Veg Sci","2007","10.1111/j.1654-1103.2007.tb02519.x","Burns in prep.",3,2000,2002,"1",1,"No","Yes","No","Type 2: 25.1-39.9% bar soil",50.5166666666667,13.9833333333333,446,"CZE","Europe","TBM","A","Individual","Unmanipulated","W",2000,NA,NA,2002,NA,NA,"Divided","Yes",NA,2,0.3208545,17,"Y_edits","DOI added, excel supplied by author so I can't see it, but transition types match paper","grassland and scree",17,1.32624765423429,1.32624765423429,2,5,7,0.4,0.285714285714286,1,0,0,1,1,1,1,1,1.28027272625486,1
"373","Veronica_arvensis","Veronica arvensis",NA,"Veronica","Plantaginaceae","Malpighiales","Magnoliopsida","Magnoliophyta","Plantae","Annual","Eudicot","Angiosperm","Dostal","J Veg Sci","2007","10.1111/j.1654-1103.2007.tb02519.x","Burns in prep.",3,2000,2002,"1",1,"No","Yes","No","Type 3: 10.1-25% bar soil",50.5166666666667,13.9833333333333,446,"CZE","Europe","TBM","A","Individual","Unmanipulated","W",2000,NA,NA,2002,NA,NA,"Divided","Yes",NA,2,0.311257,18,"Y_edits","DOI added, excel supplied by author so I can't see it, but transition types match paper","grassland and scree",18,0.934195429409091,0.934195429409091,2,5,7,0.4,0.285714285714286,1,0,0,1,1,1,1,1,1.34059249810164,1
"376","Veronica_arvensis","Veronica arvensis",NA,"Veronica","Plantaginaceae","Malpighiales","Magnoliopsida","Magnoliophyta","Plantae","Annual","Eudicot","Angiosperm","Dostal","J Veg Sci","2007","10.1111/j.1654-1103.2007.tb02519.x","Burns in prep.",3,2000,2002,"1",1,"No","Yes","No","Type 4: 5.1-10% bar soil",50.5166666666667,13.9833333333333,446,"CZE","Europe","TBM","A","Individual","Unmanipulated","W",2000,NA,NA,2002,NA,NA,"Divided","Yes",NA,2,0.305138,19,"Y_edits","DOI added, excel supplied by author so I can't see it, but transition types match paper","grassland and scree",19,0.733961670097088,0.733961670097087,2,5,7,0.4,0.285714285714286,1,0,0,1,1,1,1,1,1.58448270324686,1
"379","Veronica_arvensis","Veronica arvensis",NA,"Veronica","Plantaginaceae","Malpighiales","Magnoliopsida","Magnoliophyta","Plantae","Annual","Eudicot","Angiosperm","Dostal","J Veg Sci","2007","10.1111/j.1654-1103.2007.tb02519.x","Burns in prep.",3,2000,2002,"1",1,"No","Yes","No","Type 5: 0-5% bar soil",50.5166666666667,13.9833333333333,446,"CZE","Europe","TBM","A","Individual","Unmanipulated","W",2000,NA,NA,2002,NA,NA,"Divided","Yes",NA,2,0.3026905,20,"Y_edits","DOI added, excel supplied by author so I can't see it, but transition types match paper","grassland and scree",20,0.492131164833101,0.492131164833102,2,5,7,0.4,0.285714285714286,1,0,0,1,1,1,1,1,1.5341463756737,1
"583","Actaea_spicata","Actaea spicata",NA,"Actaea","Ranunculaceae","Ranunculales","Magnoliopsida","Magnoliophyta","Plantae","Herbaceous perennial","Eudicot","Angiosperm","Fröborg; Eriksson","Can J Bot","2003","10.1139/B03-099",NA,6,1993,1998,"1",2,"Shoot height","No","No","Site A",58.1,17.07,6,"SWE","Europe","TBM","A","Individual","Unmanipulated","W",1992,NA,NA,1998,NA,NA,"Divided","Yes","Deciduous forest",6,0.923333333333333,21,"Y_edits","lat long corrected","Deciduous forest",21,0.457593684093317,0.666243261336167,2,7,12,0.285714285714286,0.166666666666667,0.127496072477431,0.205083059728398,0.0521528079085434,9.49447748513169,6.19228024110362,0.386636640829728,0.809629022166147,0.654258630090441,16.0180645344084,1
"590","Actaea_spicata","Actaea spicata",NA,"Actaea","Ranunculaceae","Ranunculales","Magnoliopsida","Magnoliophyta","Plantae","Herbaceous perennial","Eudicot","Angiosperm","Fröborg; Eriksson","Can J Bot","2003","10.1139/B03-099",NA,6,1993,1998,"1",2,"Shoot height","No","No","Site B",58.1,17.05,63,"SWE","Europe","TBM","A","Individual","Unmanipulated","W",1992,NA,NA,1998,NA,NA,"Divided","Yes","Mixed coniferous forest",6,0.928333333333333,22,"Y_edits","lat long corrected","Mixed coniferous forest",22,0.187975237024732,0.359984846383138,2,7,10,0.285714285714286,0.2,0.112146771708978,0.227670795050649,0.107655768163401,11.0806703958717,6.75310198582481,0.525175781438192,0.84025970930932,0.777998573331342,21.0301442034484,1
"695","Alliaria_petiolata_3","Alliaria petiolata","Garlic mustard","Alliaria","Brassicaceae","Brassicales","Magnoliopsida","Magnoliophyta","Plantae","Herbaceous perennial","Eudicot","Angiosperm","Burns; Pardini; Schutzenhofer; Chung; Seidler; Knight","Ecology","2013","10.1890/12-1310.1",NA,2,2005,2006,"1",1,"No","Yes","No","Tyson Research Center",38.5,-90.5,187,"USA","N America","TMB","A","Individual","Unmanipulated","W",2005,NA,NA,2006,NA,NA,"Divided","Yes",NA,3,0.6902951,23,"Y","Fixed longitude. Only one population measured for one year","Forest",25,10.2718858278262,71.1314648761779,3,12,18,0.25,0.166666666666667,1,0.366005088602533,0,1,2,1,1,1,2.27138458289416,1
"698","Alliaria_petiolata_4","Alliaria petiolata","Garlic mustard","Alliaria","Brassicaceae","Brassicales","Magnoliopsida","Magnoliophyta","Plantae","Herbaceous perennial","Eudicot","Angiosperm","Evans; Davis; Raghu; Ragavendran; Landis; Schemske","Ecol Appl","2012","10.1890/11-1291.1",NA,4,2005,2008,"1",12,"No","Yes","No","Bartelt",40.72205,-89.5055,205,"USA","N America","TBM","A","Individual","Unmanipulated","W",2005,NA,NA,2008,NA,NA,"Divided","Yes",NA,3,0.815948743949639,24,"Y_edits","coordinates fixed. Omitted Matrix population Russ Forest and Rose Lake. Can't get original matrices, these were sent by email to Compadre. Life-cycle matches the paper and lambda values match except in Russ Forest and Rose Lake 2005 ","Forest",26,2.33712529168396,5.44950094888996,5,23,33,0.217391304347826,0.151515151515152,1.66666666666667,0.100178894585814,0,1,2,1,1,1,2.11789219870954,1
"702","Alliaria_petiolata_4","Alliaria petiolata","Garlic mustard","Alliaria","Brassicaceae","Brassicales","Magnoliopsida","Magnoliophyta","Plantae","Herbaceous perennial","Eudicot","Angiosperm","Evans; Davis; Raghu; Ragavendran; Landis; Schemske","Ecol Appl","2012","10.1890/11-1291.1",NA,4,2005,2008,"1",12,"No","Yes","No","Edward Lowe Foundation",41.96451,-85.9962,286,"USA","N America","TBM","A","Individual","Unmanipulated","W",2005,NA,NA,2008,NA,NA,"Divided","Yes",NA,3,0.974057686868949,25,"Y_edits","coordinates fixed. Omitted Matrix population Russ Forest and Rose Lake. Can't get original matrices, these were sent by email to Compadre. Life-cycle matches the paper and lambda values match except in Russ Forest and Rose Lake 2005 ","Forest",27,1.84064140045159,2.21918523716497,8,40,59,0.2,0.135593220338983,2.66666666666667,0.0765312372422165,0,1,2,1,1,1,6.84366909054575,1
"706","Alliaria_petiolata_4","Alliaria petiolata","Garlic mustard","Alliaria","Brassicaceae","Brassicales","Magnoliopsida","Magnoliophyta","Plantae","Herbaceous perennial","Eudicot","Angiosperm","Evans; Davis; Raghu; Ragavendran; Landis; Schemske","Ecol Appl","2012","10.1890/11-1291.1",NA,4,2005,2008,"1",12,"No","Yes","No","Farmdale",40.67668,-89.4878,219,"USA","N America","TBM","A","Individual","Unmanipulated","W",2005,NA,NA,2008,NA,NA,"Divided","Yes",NA,3,0.784360122227155,26,"Y_edits","coordinates fixed. Omitted Matrix population Russ Forest and Rose Lake. Can't get original matrices, these were sent by email to Compadre. Life-cycle matches the paper and lambda values match except in Russ Forest and Rose Lake 2005 ","Forest",28,0.634463644735451,0.677993704846048,4,20,29,0.2,0.137931034482759,1.33333333333333,0.123572283716792,0,1,2,1,1,1,5.05529981362356,1
"710","Alliaria_petiolata_4","Alliaria petiolata","Garlic mustard","Alliaria","Brassicaceae","Brassicales","Magnoliopsida","Magnoliophyta","Plantae","Herbaceous perennial","Eudicot","Angiosperm","Evans; Davis; Raghu; Ragavendran; Landis; Schemske","Ecol Appl","2012","10.1890/11-1291.1",NA,4,2005,2008,"1",12,"No","Yes","No","Homer Lake",42.10862,-88.2148,248,"USA","N America","TBM","A","Individual","Unmanipulated","W",2005,NA,NA,2008,NA,NA,"Divided","Yes",NA,3,0.891316787377659,27,"Y_edits","coordinates fixed. Omitted Matrix population Russ Forest and Rose Lake. Can't get original matrices, these were sent by email to Compadre. Life-cycle matches the paper and lambda values match except in Russ Forest and Rose Lake 2005 ","Forest",29,6.65278403759563,22.215574073456,7,34,50,0.205882352941176,0.14,2.33333333333334,0.22429282583653,0,1,2,1,1,1,2.74262970969307,1
"714","Alliaria_petiolata_4","Alliaria petiolata","Garlic mustard","Alliaria","Brassicaceae","Brassicales","Magnoliopsida","Magnoliophyta","Plantae","Herbaceous perennial","Eudicot","Angiosperm","Evans; Davis; Raghu; Ragavendran; Landis; Schemske","Ecol Appl","2012","10.1890/11-1291.1",NA,4,2005,2008,"1",12,"No","Yes","No","Healy Road",42.77765,-86.2025,199,"USA","N America","TBM","A","Individual","Unmanipulated","W",2005,NA,NA,2008,NA,NA,"Divided","Yes",NA,3,0.770446175437047,28,"Y_edits","coordinates fixed. Omitted Matrix population Russ Forest and Rose Lake. Can't get original matrices, these were sent by email to Compadre. Life-cycle matches the paper and lambda values match except in Russ Forest and Rose Lake 2005 ","Forest",30,0.205159880821034,0.172156392338538,4,18,26,0.222222222222222,0.153846153846154,1.33333333333333,0.051878413255691,0,1,2,1,1,1,7.21379945398273,1
"718","Alliaria_petiolata_4","Alliaria petiolata","Garlic mustard","Alliaria","Brassicaceae","Brassicales","Magnoliopsida","Magnoliophyta","Plantae","Herbaceous perennial","Eudicot","Angiosperm","Evans; Davis; Raghu; Ragavendran; Landis; Schemske","Ecol Appl","2012","10.1890/11-1291.1",NA,4,2005,2008,"1",12,"No","Yes","No","Holland State Park",40.06325,-87.9787,201,"USA","N America","TBM","A","Individual","Unmanipulated","W",2005,NA,NA,2008,NA,NA,"Divided","Yes",NA,3,0.93700633569961,29,"Y_edits","coordinates fixed. Omitted Matrix population Russ Forest and Rose Lake. Can't get original matrices, these were sent by email to Compadre. Life-cycle matches the paper and lambda values match except in Russ Forest and Rose Lake 2005 ","Forest",31,1.61017555327189,1.95278557768614,6,29,43,0.206896551724138,0.13953488372093,2,0.0556393196903623,0,1,2,1,1,1,4.66340977934293,1
"722","Alliaria_petiolata_4","Alliaria petiolata","Garlic mustard","Alliaria","Brassicaceae","Brassicales","Magnoliopsida","Magnoliophyta","Plantae","Herbaceous perennial","Eudicot","Angiosperm","Evans; Davis; Raghu; Ragavendran; Landis; Schemske","Ecol Appl","2012","10.1890/11-1291.1",NA,4,2005,2008,"1",12,"No","Yes","No","Illini Plantations",40.07925,-88.2107,223,"USA","N America","TBM","A","Individual","Unmanipulated","W",2005,NA,NA,2008,NA,NA,"Divided","Yes",NA,3,0.748915397933126,30,"Y_edits","coordinates fixed. Omitted Matrix population Russ Forest and Rose Lake. Can't get original matrices, these were sent by email to Compadre. Life-cycle matches the paper and lambda values match except in Russ Forest and Rose Lake 2005 ","Forest",32,1.06628022301451,1.22037400699154,4,15,21,0.266666666666667,0.19047619047619,1.33333333333333,0.075146955082023,0,1,2,1,1,1,3.22722408778914,1
"726","Alliaria_petiolata_4","Alliaria petiolata","Garlic mustard","Alliaria","Brassicaceae","Brassicales","Magnoliopsida","Magnoliophyta","Plantae","Herbaceous perennial","Eudicot","Angiosperm","Evans; Davis; Raghu; Ragavendran; Landis; Schemske","Ecol Appl","2012","10.1890/11-1291.1",NA,4,2005,2008,"1",12,"No","Yes","No","Ives Road",41.98147,-83.932,250,"USA","N America","TBM","A","Individual","Unmanipulated","W",2005,NA,NA,2008,NA,NA,"Divided","Yes",NA,3,0.933434635721708,31,"Y_edits","coordinates fixed. Omitted Matrix population Russ Forest and Rose Lake. Can't get original matrices, these were sent by email to Compadre. Life-cycle matches the paper and lambda values match except in Russ Forest and Rose Lake 2005 ","Forest",33,2.72296410536843,3.69180415456383,8,41,60,0.195121951219512,0.133333333333333,2.66666666666667,0.0504227882551735,0,1,2,1,1,1,4.92987179832852,1
"730","Alliaria_petiolata_4","Alliaria petiolata","Garlic mustard","Alliaria","Brassicaceae","Brassicales","Magnoliopsida","Magnoliophyta","Plantae","Herbaceous perennial","Eudicot","Angiosperm","Evans; Davis; Raghu; Ragavendran; Landis; Schemske","Ecol Appl","2012","10.1890/11-1291.1",NA,4,2005,2008,"1",12,"No","Yes","No","Johnson Park",42.92559,-85.7699,179,"USA","N America","TBM","A","Individual","Unmanipulated","W",2005,NA,NA,2008,NA,NA,"Divided","Yes",NA,3,0.90307548972016,32,"Y_edits","coordinates fixed. Omitted Matrix population Russ Forest and Rose Lake. Can't get original matrices, these were sent by email to Compadre. Life-cycle matches the paper and lambda values match except in Russ Forest and Rose Lake 2005 ","Forest",34,2.50282997388789,3.92823109163842,5,22,32,0.227272727272727,0.15625,1.66666666666667,0.0919552958818323,0,1,2,1,1,1,3.5423728828058,1
"742","Alliaria_petiolata_4","Alliaria petiolata","Garlic mustard","Alliaria","Brassicaceae","Brassicales","Magnoliopsida","Magnoliophyta","Plantae","Herbaceous perennial","Eudicot","Angiosperm","Evans; Davis; Raghu; Ragavendran; Landis; Schemske","Ecol Appl","2012","10.1890/11-1291.1",NA,4,2005,2008,"1",12,"No","Yes","No","Shiawassee YMCA",42.88546,-84.0491,250,"USA","N America","TBM","A","Individual","Unmanipulated","W",2005,NA,NA,2007,NA,NA,"Divided","Yes",NA,3,0.882850927984855,33,"Y_edits","coordinates fixed. Omitted Matrix population Russ Forest and Rose Lake. Can't get original matrices, these were sent by email to Compadre. Life-cycle matches the paper and lambda values match except in Russ Forest and Rose Lake 2005 ","Forest",35,0.593920321887545,0.567352271433813,4,15,21,0.266666666666667,0.19047619047619,1.33333333333333,0.0575985671150097,0,1,2,1,1,1,5.0431554049779,1
"753","Allium_vineale","Allium vineale",NA,"Allium","Amaryllidaceae","Asparagales","Liliopsida","Magnoliophyta","Plantae","Herbaceous perennial","Monocot","Angiosperm","Burns; Pardini; Schutzenhofer; Chung; Seidler; Knight","Ecology","2013","10.1890/12-1310.1",NA,2,2007,2008,"1",1,"No","Yes","No","Tyson Research Center",38.5,-90.5,187,"USA","N America","TBM","A","Individual","Unmanipulated","W",2007,NA,NA,2008,NA,NA,"Divided","Yes",NA,3,0.237842105263158,34,"Y","Fixed longitude. Only one population measured for one year","Grassland",36,1.01768166034979,1.40612459889579,2,5,6,0.4,0.333333333333333,0.625909860543253,0.125523906694947,0.00242665306270738,1.18524727577536,2.01010101010101,0.404867439408463,0.512774696903114,0.523893951526771,2.16022348637132,1
"1629","Cirsium_palustre","Cirsium palustre","Marsh thistle","Cirsium","Compositae","Asterales","Magnoliopsida","Magnoliophyta","Plantae","Herbaceous perennial","Eudicot","Angiosperm","Ramula","Acta Oeco","2008","10.1016/j.actao.2007.11.005",NA,4,2002,2005,"1",2,"Rosette diameter; number of flowers","No","Yes","Näsudden",59.480727,18.592338,1,"SWE","Europe","FGS","A","Individual","Unmanipulated","W",2002,NA,NA,2005,NA,NA,"Divided","Yes","Control is lightly grazed",6,0.651666666666667,35,"Y_edits","Typo fixed and coordinates refined","grasslands",39,1.31448929809129,3.85431408978237,2,4,8,0.5,0.25,0.426757193173525,0.134044847815333,0,1.04347826086957,3.64302739619331,0.0815526947578741,0.741828437374905,0.343966210541339,3.59535300607678,1
"2093","Digitalis_purpurea_2","Digitalis purpurea",NA,"Digitalis","Plantaginaceae","Lamiales","Magnoliopsida","Magnoliophyta","Plantae","Herbaceous perennial","Eudicot","Angiosperm","Sletvold; Rydgren","J Ecol","2007","10.1111/j.1365-2745.2007.01287.x","Sletvold J Ecol 2007 A1.doc",3,1998,2000,"1",2,"Rosette size","No","No","Ulvik",60.57,6.92,70,"SWE","Europe","TBM","A","Individual","Unmanipulated","W",1998,NA,NA,2000,NA,NA,"Divided","Yes",NA,6,0.7500044905,36,"Y_edits","coordinates edited to two decimal places","grasslands",42,0.0946432519152495,0.119545441044347,4,18,26,0.222222222222222,0.153846153846154,0.797859383328986,0.188811341534964,0.0369790460379815,1,4.01341474898799,0.92320516653388,0.853090525104572,0.900099738743964,8.1859768395164,1
"3150","Lathyrus_vernus","Lathyrus vernus",NA,"Lathyrus","Leguminosae","Fabales","Magnoliopsida","Magnoliophyta","Plantae","Herbaceous perennial","Eudicot","Angiosperm","Ehrlen","J Ecol","1995","None","J Ecol 297-308; Ehrlen Ecol 2000",4,1988,1991,"1",11,"Plant volume","No","No","T1",58.1,17.0666666666667,0,"SWE","Europe","TBM","A","Individual","Unmanipulated","W",1988,NA,NA,1991,NA,NA,"Divided","Yes","GPS co-ordinates cited exactly as reported in original paper. These do not match written study site description (Geolocation lays in Baltic Sea).",7,1.00000000007407,37,"Y","Habitats added","grassland",47,0.0629901386998316,1.72958202082244,2,68,140,0.0294117647058824,0.0142857142857143,0.0440546155633377,0.238279594601356,0.135933897946632,34.726250111848,10.6719442527034,0.0147840018305472,0.135566144367488,0.0669554975867501,34.5467223145527,1
"3154","Lathyrus_vernus","Lathyrus vernus",NA,"Lathyrus","Leguminosae","Fabales","Magnoliopsida","Magnoliophyta","Plantae","Herbaceous perennial","Eudicot","Angiosperm","Ehrlen","J Ecol","1995","None","J Ecol 297-308; Ehrlen Ecol 2000",4,1988,1991,"1",11,"Plant volume","No","No","T2",58.1,17.0666666666667,0,"SWE","Europe","TBM","A","Individual","Unmanipulated","W",1988,NA,NA,1991,NA,NA,"Divided","Yes","GPS co-ordinates cited exactly as reported in original paper. These do not match written study site description (Geolocation lays in Baltic Sea).",7,1,38,"Y","Habitats added","grassland",48,0.124425141439312,0.584211574589302,2,21,44,0.0952380952380952,0.0454545454545455,0.106961352682375,0.219060724707788,0.144412779919727,10.4234646436886,8.2748777935004,0.048702407339896,0.334404646070892,0.175891023601772,18.6247144339812,1
"3158","Lathyrus_vernus","Lathyrus vernus",NA,"Lathyrus","Leguminosae","Fabales","Magnoliopsida","Magnoliophyta","Plantae","Herbaceous perennial","Eudicot","Angiosperm","Ehrlen","J Ecol","1995","None","J Ecol 297-308; Ehrlen Ecol 2000",4,1988,1991,"1",11,"Plant volume","No","No","T3",58.1,17.0666666666667,0,"SWE","Europe","TBM","A","Individual","Unmanipulated","W",1988,NA,NA,1991,NA,NA,"Divided","Yes","GPS co-ordinates cited exactly as reported in original paper. These do not match written study site description (Geolocation lays in Baltic Sea).",7,0.981118881118881,39,"Y","Habitats added","grassland",49,0.0529501879698021,0.487627965950252,2,34,73,0.0588235294117647,0.0273972602739726,0.0725701388670699,0.21402424513152,0.178167002917101,18.0915523471209,9.46799254590312,0.0299232045461855,0.24094148565038,0.117957087255729,30.1575050830941,1
"3162","Lathyrus_vernus","Lathyrus vernus",NA,"Lathyrus","Leguminosae","Fabales","Magnoliopsida","Magnoliophyta","Plantae","Herbaceous perennial","Eudicot","Angiosperm","Ehrlen","J Ecol","1995","None","J Ecol 297-308; Ehrlen Ecol 2000",4,1988,1991,"1",11,"Plant volume","No","No","T4",58.1,17.0666666666667,0,"SWE","Europe","TBM","A","Individual","Unmanipulated","W",1988,NA,NA,1991,NA,NA,"Divided","Yes","GPS co-ordinates cited exactly as reported in original paper. These do not match written study site description (Geolocation lays in Baltic Sea).",7,1,40,"Y","Habitats added","grassland",50,0.0449021641520429,0.675354952207431,2,37,88,0.0540540540540541,0.0227272727272727,0.0600338916040035,0.259254143412796,0.195344711030263,24.8080242815692,8.50649101243229,0.00892134569057887,0.176075055374578,0.0743083225628794,32.8295859105769,1
"3170","Lathyrus_vernus","Lathyrus vernus",NA,"Lathyrus","Leguminosae","Fabales","Magnoliopsida","Magnoliophyta","Plantae","Herbaceous perennial","Eudicot","Angiosperm","Ehrlen","J Ecol","1995","None","J Ecol 297-308; Ehrlen Ecol 2000",4,1988,1991,"1",11,"Plant volume","No","No","T6",58.1,17.0666666666667,0,"SWE","Europe","TBM","A","Individual","Unmanipulated","W",1988,NA,NA,1991,NA,NA,"Divided","Yes","GPS co-ordinates cited exactly as reported in original paper. These do not match written study site description (Geolocation lays in Baltic Sea).",7,1,41,"Y","Habitats added","grassland",52,0.211728101931806,26.7130375735414,2,224,469,0.00892857142857143,0.00426439232409382,0.0169466522212815,0.293816965361101,0.0957822529769453,108.98786890065,9.02954090306387,0.00595046466213625,0.0417268801083392,0.0200516362462784,32.149049473684,1
"3178","Lathyrus_vernus","Lathyrus vernus",NA,"Lathyrus","Leguminosae","Fabales","Magnoliopsida","Magnoliophyta","Plantae","Herbaceous perennial","Eudicot","Angiosperm","Ehrlen","J Ecol","1995","None","J Ecol 297-308; Ehrlen Ecol 2000",4,1988,1991,"1",11,"Plant volume","No","No","H",58.1,17.05,0,"SWE","Europe","TBM","A","Individual","Unmanipulated","W",1988,NA,NA,1991,NA,NA,"Divided","Yes","GPS co-ordinates cited exactly as reported in original paper. These do not match written study site description (Geolocation lays in Baltic Sea).",7,0.999666666666667,42,"Y","Habitats added","forest",54,0.0222801275499822,0.236280079103204,2,37,75,0.0540540540540541,0.0266666666666667,0.0673248033360572,0.206978316392875,0.178656553020114,17.8152983203549,11.8914353186108,0.0021472320054281,0.165152336290693,0.0817575457677182,34.982142321592,1
"3182","Lathyrus_vernus","Lathyrus vernus",NA,"Lathyrus","Leguminosae","Fabales","Magnoliopsida","Magnoliophyta","Plantae","Herbaceous perennial","Eudicot","Angiosperm","Ehrlen","J Ecol","1995","None","J Ecol 297-308; Ehrlen Ecol 2000",4,1988,1991,"1",11,"Plant volume","No","No","K",59.0333333333333,17.0666666666667,55,"SWE","Europe","TBM","A","Individual","Unmanipulated","W",1988,NA,NA,1991,NA,NA,"Divided","Yes",NA,7,1,43,"Y","Habitats added","forest",55,0.254531527390636,263.438897265242,2,1554,2655,0.00128700128700129,0.000753295668549906,0.0040935923862917,0.426226636993874,0.0865473157908725,481.562666850044,7.00576187223047,0.000473937145511764,0.0040416021817616,0.00236591622001727,31.1963825640319,1
"3186","Lathyrus_vernus","Lathyrus vernus",NA,"Lathyrus","Leguminosae","Fabales","Magnoliopsida","Magnoliophyta","Plantae","Herbaceous perennial","Eudicot","Angiosperm","Ehrlen","J Ecol","1995","None","J Ecol 297-308; Ehrlen Ecol 2000",4,1988,1991,"1",11,"Plant volume","No","No","L",59.0333333333333,17.0666666666667,55,"SWE","Europe","TBM","A","Individual","Unmanipulated","W",1988,NA,NA,1991,NA,NA,"Divided","Yes",NA,7,1,44,"Y","Habitats added","forest",56,0.138559487292248,6.62754514289107,2,143,305,0.013986013986014,0.00655737704918033,0.0250025642988751,0.309059665049303,0.144895109027315,72.8823006799828,7.10949440521099,0.00507874123981433,0.0486269761713045,0.0228282966503866,37.2305565874319,1
"3190","Lathyrus_vernus","Lathyrus vernus",NA,"Lathyrus","Leguminosae","Fabales","Magnoliopsida","Magnoliophyta","Plantae","Herbaceous perennial","Eudicot","Angiosperm","Ehrlen","J Ecol","1995","None","J Ecol 297-308; Ehrlen Ecol 2000",4,1988,1991,"1",11,"Plant volume","No","No","N",58.0166666666667,15.0666666666667,146,"SWE","Europe","TBM","A","Individual","Unmanipulated","W",1989,NA,NA,1991,NA,NA,"Divided","Yes",NA,7,0.985915492957746,45,"Y","Habitats added","grassland",57,0.0725049358411091,0.15597892910145,2,13,41,0.153846153846154,0.0487804878048781,0.0838498911303258,0.205930865341709,0.151727578853103,15.2550473730489,8.59710047162092,0.11939871190925,0.584388530088151,0.262753218261239,33.2790113316413,1
"4728","Silene_acaulis","Silene acaulis","Cushion plant","Silene","Caryophyllaceae","Caryophyllales","Magnoliopsida","Magnoliophyta","Plantae","Herbaceous perennial","Eudicot","Angiosperm","Morris; Doak","Am J Bot","1998","None","Morris Ecol Monog 2005 (PDF - extra info); Forbit PhD thesis 2002; Ellis Ecol 2012",2,1995,1996,"1",5,"Number of rosettes; major axis length","No","Yes","Campion Crest",61.49,-142.84068,1230,"USA","N America","BOR","A","Individual","Unmanipulated","W",1995,NA,NA,2000,NA,NA,"Divided","Yes",NA,12,0.99596,46,"Y_edits","Lat long improved, matrices reloaded from originals to escape rounding issues, particularly with start of fecundity","scree",115,0.00676876682370812,1.08177872980262,2,571,1139,0.00350262697022767,0.00175592625109745,0.00790495855857979,0.12582533023383,0.0906122393693175,247.524752475245,5.48100146754601,0.0489728312290232,0.102107512641585,0.0523154186421551,295.853059845622,1
"4740","Silene_acaulis","Silene acaulis","Cushion plant","Silene","Caryophyllaceae","Caryophyllales","Magnoliopsida","Magnoliophyta","Plantae","Herbaceous perennial","Eudicot","Angiosperm","Morris; Doak","Am J Bot","1998","None","Morris Ecol Monog 2005 (PDF - extra info); Forbit PhD thesis 2002; Ellis Ecol 2012",2,1995,1996,"1",5,"Number of rosettes; major axis length","No","Yes","Pass",61.49,-142.8215,1430,"USA","N America","BOR","A","Individual","Unmanipulated","W",1995,NA,NA,2000,NA,NA,"Divided","Yes",NA,12,0.99546,47,"Y_edits","Lat long improved, matrices reloaded from originals to escape rounding issues, particularly with start of fecundity","tundra meadow",116,0.0482892702082663,13.150503959076,2,363,869,0.00550964187327824,0.00230149597238205,0.00623725269811179,0.0413251383263523,0.0162829414886465,220.264317180618,100.38967854501,0.0468693657589659,0.259035599020156,0.129785289197504,173.926912625865,1
"4746","Silene_acaulis","Silene acaulis","Cushion plant","Silene","Caryophyllaceae","Caryophyllales","Magnoliopsida","Magnoliophyta","Plantae","Herbaceous perennial","Eudicot","Angiosperm","Morris; Doak","Am J Bot","1998","None","Morris Ecol Monog 2005 (PDF - extra info); Forbit PhD thesis 2002; Ellis Ecol 2012",2,1995,1996,"1",5,"Number of rosettes; major axis length","No","Yes","Rock Glacier",61.49,-142.84708,1200,"USA","N America","BOR","A","Individual","Unmanipulated","W",1995,NA,NA,2000,NA,NA,"Divided","Yes",NA,12,0.98762,48,"Y_edits","Lat long improved, matrices reloaded from originals to escape rounding issues, particularly with start of fecundity","boulder field",117,0.0487918671422526,11.2724049219185,2,182,367,0.010989010989011,0.00544959128065395,0.0217533797932082,0.169065751255385,0.0277037032528578,80.7754442649429,11.1642919513317,0.105064274164863,0.250352382734072,0.129496059618971,80.75052863428,1
"4752","Silene_acaulis","Silene acaulis","Cushion plant","Silene","Caryophyllaceae","Caryophyllales","Magnoliopsida","Magnoliophyta","Plantae","Herbaceous perennial","Eudicot","Angiosperm","Morris; Doak","Am J Bot","1998","None","Morris Ecol Monog 2005 (PDF - extra info); Forbit PhD thesis 2002; Ellis Ecol 2012",2,1995,1996,"1",5,"Number of rosettes; major axis length","No","Yes","Ridge",61.49,-142.81453,1550,"USA","N America","BOR","A","Individual","Unmanipulated","W",1995,NA,NA,2000,NA,NA,"Divided","Yes",NA,12,0.99212,49,"Y_edits","Lat long improved, matrices reloaded from originals to escape rounding issues, particularly with start of fecundity","alpine fell field",118,0.0112701552331731,0.862368289384862,2,294,585,0.00680272108843537,0.00341880341880342,0.013266436686586,0.0832577265173459,0.0513249790330235,126.903553299491,23.8528289340472,0.148526576204778,0.3069486202573,0.180383838814104,220.84959918923,1
"4893","Succisa_pratensis_3","Succisa pratensis",NA,"Succisa","Caprifoliaceae","Dipsacales","Magnoliopsida","Magnoliophyta","Plantae","Herbaceous perennial","Eudicot","Angiosperm","Milden","PhD thesis","2005","None",NA,4,2000,2003,"1",6,"Leaf area","No","No","Moist ungrazed",58.8333333333333,17.4,23,"SWE","Europe","TBM; BOR","A","Individual","Unmanipulated","W",2000,NA,NA,2003,NA,NA,"Divided","Yes",NA,5,0.916638066638066,50,"Y","Use as is","grasslands",120,0.216616109681081,0.0445061273109045,2,4,6,0.5,0.333333333333333,0.201543212464646,0.174595056579302,0.0564380832647928,4.52774774610786,5.39568244805378,0.470378339230809,1,0.860838941410315,10.3859112069525,1
"4897","Succisa_pratensis_3","Succisa pratensis",NA,"Succisa","Caprifoliaceae","Dipsacales","Magnoliopsida","Magnoliophyta","Plantae","Herbaceous perennial","Eudicot","Angiosperm","Milden","PhD thesis","2005","None",NA,4,2000,2003,"1",6,"Leaf area","No","No","Mesic ungrazed",58.8333333333333,17.4,23,"SWE","Europe","TBM; BOR","A","Individual","Unmanipulated","W",2000,NA,NA,2002,NA,NA,"Divided","Yes",NA,5,0.959183673469388,51,"Y","Use as is","grasslands",121,0.0816811248584523,0.00570277138092481,2,4,5,0.5,0.4,0.130760339988792,0.0688076318413853,0.118011273405889,9.05501921169986,6.24013832743946,NA,1,0.951919959977126,35.7759851427221,1
"4900","Succisa_pratensis_3","Succisa pratensis",NA,"Succisa","Caprifoliaceae","Dipsacales","Magnoliopsida","Magnoliophyta","Plantae","Herbaceous perennial","Eudicot","Angiosperm","Milden","PhD thesis","2005","None",NA,4,2000,2003,"1",6,"Leaf area","No","No","Roadverge",58.8333333333333,17.4,23,"SWE","Europe","TBM; BOR","A","Individual","Unmanipulated","W",2000,NA,NA,2003,NA,NA,"Divided","Yes",NA,5,0.884646995753025,52,"Y","Use as is","grasslands",122,0.180500096056057,0.389794348829001,2,4,9,0.5,0.222222222222222,0.14144207573252,0.230707841509535,0.0807099433621798,7.54044964095232,6.59961433677231,0.0265650009885568,0.966141548264016,0.474171090331125,13.7435776045653,1
"5100","Trillium_grandiflorum","Trillium grandiflorum",NA,"Trillium","Melanthiaceae","Liliales","Liliopsida","Magnoliophyta","Plantae","Herbaceous perennial","Monocot","Angiosperm","Knight","Am J Bot","2003","10.3732/ajb.90.8.1207","Knight Am J Bot 2003 Supp Data.pdf; Ellis Ecol 2012; Crone Cons Biol 2013; Knight Ecol Appl 2004.pdf",3,1999,2001,"1",12,"Number of leaves; leaf length","No","No","Deezik Creek",41.5166666666667,-80.43,391,"USA","N America","TBM","A","Individual","Unmanipulated","W",1998,NA,NA,2002,NA,NA,"Divided","Yes",NA,6,1,53,"Y_edits","Longitude fixed, high survival in late stages my cause problems in lifespan calculations","forest",124,0.325747591633638,0.75003791472593,2,9,68,0.222222222222222,0.0294117647058824,0.0322659075568601,0.14071083525423,0.0530432743790503,47.414554178512,14.5703751613968,0.0440799727631917,0.778806352785235,0.198154464097731,56.4599584043153,1
"5105","Trillium_grandiflorum","Trillium grandiflorum",NA,"Trillium","Melanthiaceae","Liliales","Liliopsida","Magnoliophyta","Plantae","Herbaceous perennial","Monocot","Angiosperm","Knight","Am J Bot","2003","10.3732/ajb.90.8.1207","Knight Am J Bot 2003 Supp Data.pdf; Ellis Ecol 2012; Crone Cons Biol 2013; Knight Ecol Appl 2004.pdf",3,1999,2001,"1",12,"Number of leaves; leaf length","No","No","Dibble Hill",41.7166666666667,-80.03,390,"USA","N America","TBM","A","Individual","Unmanipulated","W",1999,NA,NA,2002,NA,NA,"Divided","Yes",NA,6,1,54,"Y_edits","Longitude fixed, high survival in late stages my cause problems in lifespan calculations","forest",125,0.308681856361349,2.59124985958364,2,26,130,0.0769230769230769,0.0153846153846154,0.029179705743311,0.170106024244219,0.0545666558414758,53.8254358730914,14.7153512614214,0.0185686946638653,0.397045913326605,0.0951159842246427,43.3506311478374,1
"5109","Trillium_grandiflorum","Trillium grandiflorum",NA,"Trillium","Melanthiaceae","Liliales","Liliopsida","Magnoliophyta","Plantae","Herbaceous perennial","Monocot","Angiosperm","Knight","Am J Bot","2003","10.3732/ajb.90.8.1207","Knight Am J Bot 2003 Supp Data.pdf; Ellis Ecol 2012; Crone Cons Biol 2013; Knight Ecol Appl 2004.pdf",3,1999,2001,"1",12,"Number of leaves; leaf length","No","No","Denny Run",41.6666666666667,-80.23,408,"USA","N America","TBM","A","Individual","Unmanipulated","W",1999,NA,NA,2002,NA,NA,"Divided","Yes",NA,6,1,55,"Y_edits","Longitude fixed, high survival in late stages my cause problems in lifespan calculations","forest",126,0.540362322355693,12.0026079303778,2,12,331,0.166666666666667,0.00604229607250755,0.0118458617050249,0.16777400434509,0.0163748792249008,158.474675873607,10.3606566502922,0.00694160698036764,0.672370878056731,0.0317345583148198,56.3140743045327,1
"5113","Trillium_grandiflorum","Trillium grandiflorum",NA,"Trillium","Melanthiaceae","Liliales","Liliopsida","Magnoliophyta","Plantae","Herbaceous perennial","Monocot","Angiosperm","Knight","Am J Bot","2003","10.3732/ajb.90.8.1207","Knight Am J Bot 2003 Supp Data.pdf; Ellis Ecol 2012; Crone Cons Biol 2013; Knight Ecol Appl 2004.pdf",3,1999,2001,"1",12,"Number of leaves; leaf length","No","No","Ellis Road",41.7833333333333,-80.08,399,"USA","N America","TBM","A","Individual","Unmanipulated","W",1999,NA,NA,2002,NA,NA,"Divided","Yes",NA,6,1,56,"Y_edits","Longitude fixed, high survival in late stages my cause problems in lifespan calculations","forest",127,0.0970734208718316,0.298224126625209,2,28,102,0.0714285714285714,0.0196078431372549,0.0319269860007877,0.100279936986197,0.07728506819387,40.0664017351004,22.5765298573355,0.00446552813451504,0.372037440014093,0.115117116518676,62.2857886757601,1
"5117","Trillium_grandiflorum","Trillium grandiflorum",NA,"Trillium","Melanthiaceae","Liliales","Liliopsida","Magnoliophyta","Plantae","Herbaceous perennial","Monocot","Angiosperm","Knight","Am J Bot","2003","10.3732/ajb.90.8.1207","Knight Am J Bot 2003 Supp Data.pdf; Ellis Ecol 2012; Crone Cons Biol 2013; Knight Ecol Appl 2004.pdf",3,1999,2001,"1",12,"Number of leaves; leaf length","No","No","Fox Road",41.8,-80.2,394,"USA","N America","TBM","A","Individual","Unmanipulated","W",1999,NA,NA,2002,NA,NA,"Divided","Yes",NA,6,1,57,"Y_edits","Longitude fixed, high survival in late stages my cause problems in lifespan calculations","forest",128,0.0400265063700615,0.181502525694052,2,7,91,0.285714285714286,0.021978021978022,0.0265107655454223,0.0970913661747581,0.0943859411532692,51.7102047862887,23.7308456267328,0.00518400306954447,0.841204539143779,0.131836258454898,95.6034404297749,1
"5121","Trillium_grandiflorum","Trillium grandiflorum",NA,"Trillium","Melanthiaceae","Liliales","Liliopsida","Magnoliophyta","Plantae","Herbaceous perennial","Monocot","Angiosperm","Knight","Am J Bot","2003","10.3732/ajb.90.8.1207","Knight Am J Bot 2003 Supp Data.pdf; Ellis Ecol 2012; Crone Cons Biol 2013; Knight Ecol Appl 2004.pdf",3,1999,2001,"1",12,"Number of leaves; leaf length","No","No","Georgetown Road",41.4,-80,455,"USA","N America","TBM","A","Individual","Unmanipulated","W",1999,NA,NA,2002,NA,NA,"Divided","Yes",NA,6,1,58,"Y_edits","Longitude fixed, high survival in late stages my cause problems in lifespan calculations","forest",129,0.0676862672825946,0.909203636058425,2,82,175,0.024390243902439,0.0114285714285714,0.0267402417645201,0.114783977836974,0.0711791962026997,47.2783485196994,27.5152908801384,0.00091873519353381,0.138940986042685,0.0663144155047993,54.1003293236408,1
"5125","Trillium_grandiflorum","Trillium grandiflorum",NA,"Trillium","Melanthiaceae","Liliales","Liliopsida","Magnoliophyta","Plantae","Herbaceous perennial","Monocot","Angiosperm","Knight","Am J Bot","2003","10.3732/ajb.90.8.1207","Knight Am J Bot 2003 Supp Data.pdf; Ellis Ecol 2012; Crone Cons Biol 2013; Knight Ecol Appl 2004.pdf",3,1999,2001,"1",12,"Number of leaves; leaf length","No","No","Liembach Road",41.7333333333333,-80.05,397,"USA","N America","TBM","A","Individual","Unmanipulated","W",1999,NA,NA,2002,NA,NA,"Divided","Yes",NA,6,1,59,"Y_edits","Longitude fixed, high survival in late stages my cause problems in lifespan calculations","forest",130,0.249470922136217,0.238747690354831,2,14,48,0.142857142857143,0.0416666666666667,0.0419840053340555,0.115798821183894,0.0502504466080242,31.1554383015245,16.4817507681352,0.134537171000177,0.662811889047013,0.362721204304118,46.8540728445898,1
"5129","Trillium_grandiflorum","Trillium grandiflorum",NA,"Trillium","Melanthiaceae","Liliales","Liliopsida","Magnoliophyta","Plantae","Herbaceous perennial","Monocot","Angiosperm","Knight","Am J Bot","2003","10.3732/ajb.90.8.1207","Knight Am J Bot 2003 Supp Data.pdf; Ellis Ecol 2012; Crone Cons Biol 2013; Knight Ecol Appl 2004.pdf",3,1999,2001,"1",12,"Number of leaves; leaf length","No","No","R. Higgens property",41.4833333333333,-80.4,395,"USA","N America","TBM","A","Individual","Unmanipulated","W",1998,NA,NA,2002,NA,NA,"Divided","Yes",NA,6,1,60,"Y_edits","Longitude fixed, high survival in late stages my cause problems in lifespan calculations","forest",131,0.298240948294147,11.8917875846151,2,119,312,0.0168067226890756,0.00641025641025641,0.0186025214014311,0.219196811926113,0.0532593855759013,92.506757545431,15.0055498908147,0.00588396416648272,0.101247911572386,0.0392033646186023,41.5276412536202,1
"5134","Trillium_grandiflorum","Trillium grandiflorum",NA,"Trillium","Melanthiaceae","Liliales","Liliopsida","Magnoliophyta","Plantae","Herbaceous perennial","Monocot","Angiosperm","Knight","Am J Bot","2003","10.3732/ajb.90.8.1207","Knight Am J Bot 2003 Supp Data.pdf; Ellis Ecol 2012; Crone Cons Biol 2013; Knight Ecol Appl 2004.pdf",3,1999,2001,"1",12,"Number of leaves; leaf length","No","No","Raymilton",41.3333333333333,-79.97,425,"USA","N America","TBM","A","Individual","Unmanipulated","W",1999,NA,NA,2002,NA,NA,"Divided","Yes",NA,6,1,61,"Y_edits","Longitude fixed, high survival in late stages my cause problems in lifespan calculations","forest",132,0.097512265257406,0.0663011649784642,2,13,47,0.153846153846154,0.0425531914893617,0.0500777005955131,0.0915720363655108,0.0498437663584117,21.5507442162162,18.3871917556122,0.0119744961799054,0.615973373322404,0.219000450787764,47.1268024977769,1
"5138","Trillium_grandiflorum","Trillium grandiflorum",NA,"Trillium","Melanthiaceae","Liliales","Liliopsida","Magnoliophyta","Plantae","Herbaceous perennial","Monocot","Angiosperm","Knight","Am J Bot","2003","10.3732/ajb.90.8.1207","Knight Am J Bot 2003 Supp Data.pdf; Ellis Ecol 2012; Crone Cons Biol 2013; Knight Ecol Appl 2004.pdf",3,1999,2001,"1",12,"Number of leaves; leaf length","No","No","Tryon Webber Woods",41.6,-80.35,384,"USA","N America","TBM","A","Individual","Unmanipulated","W",1998,NA,NA,2002,NA,NA,"Divided","Yes",NA,6,1,62,"Y_edits","Longitude fixed, high survival in late stages my cause problems in lifespan calculations","forest",133,0.0596181735608839,0.467735641326608,3,83,156,0.036144578313253,0.0192307692307692,0.0462555495772349,0.122948903933006,0.0967018395727055,36.7919191017761,28.0651635060258,1.79121070689181e-05,0.0997879727736783,0.0533113192633537,51.6730278118922,1
"5143","Trillium_grandiflorum","Trillium grandiflorum",NA,"Trillium","Melanthiaceae","Liliales","Liliopsida","Magnoliophyta","Plantae","Herbaceous perennial","Monocot","Angiosperm","Knight","Am J Bot","2003","10.3732/ajb.90.8.1207","Knight Am J Bot 2003 Supp Data.pdf; Ellis Ecol 2012; Crone Cons Biol 2013; Knight Ecol Appl 2004.pdf",3,1999,2001,"1",12,"Number of leaves; leaf length","No","No","Woodcock Lake",41.6833333333333,-80.07,387,"USA","N America","TBM","A","Individual","Unmanipulated","W",1999,NA,NA,2002,NA,NA,"Divided","Yes",NA,6,1,63,"Y_edits","Longitude fixed, high survival in late stages my cause problems in lifespan calculations","forest",134,0.516883462266489,72.1209758294202,2,391,1324,0.0051150895140665,0.00151057401812689,0.00467616219108474,0.194278268412143,0.0260726735773116,411.730884351858,15.9702770434991,0.000536539878074788,0.0272726893017804,0.00806683262943929,56.0586700017237,1
"5147","Trillium_grandiflorum","Trillium grandiflorum",NA,"Trillium","Melanthiaceae","Liliales","Liliopsida","Magnoliophyta","Plantae","Herbaceous perennial","Monocot","Angiosperm","Knight","Am J Bot","2003","10.3732/ajb.90.8.1207","Knight Am J Bot 2003 Supp Data.pdf; Ellis Ecol 2012; Crone Cons Biol 2013; Knight Ecol Appl 2004.pdf",3,1999,2001,"1",12,"Number of leaves; leaf length","No","No","Whitehill Road",41.75,-79.95,404,"USA","N America","TBM","A","Individual","Unmanipulated","W",1999,NA,NA,2002,NA,NA,"Divided","Yes",NA,6,1,64,"Y_edits","Longitude fixed, high survival in late stages my cause problems in lifespan calculations","forest",135,0.223466623157003,0.330334874535306,2,18,69,0.111111111111111,0.0289855072463768,0.0468187031739365,0.146348833383746,0.0763910134650173,27.270401535268,15.4475693698591,0.00435923655651815,0.469285078012332,0.132862716917156,42.1000421944657,1
"5567","Ardisia_elliptica","Ardisia elliptica","Shoebutton Ardisia","Ardisia","Primulaceae","Ericales","Magnoliopsida","Magnoliophyta","Plantae","Shrub","Eudicot","Angiosperm","Koop; Horvitz","Ecology","2005","10.1890/04-1483",NA,3,1999,2001,"1",5,"Plant height","No","No","Forest Edge",25.5,-88.8,NA,"USA","N America","TMB","A","Individual","Unmanipulated","W",1999,NA,NA,2002,NA,NA,"Divided","Yes","Relatively undisturbed hardwood",8,0.999666666666667,65,"Y_edits","edits to Transitional Forest 2000 based on original. Also do not matrixPopulation Schinus thicket 2000 as this is a replicate of 1999 and not in the original paper","Transitional forest",142,0.154994726767053,3.06361332836555,2,21,72,0.0952380952380952,0.0277777777777778,0.0334731705536452,0.119185103012418,0.0321183683341421,40.862999729212,18.8863448031422,0.406024272272616,0.686883918394754,0.544650920841536,84.1596295888043,1
"5571","Ardisia_elliptica","Ardisia elliptica","Shoebutton Ardisia","Ardisia","Primulaceae","Ericales","Magnoliopsida","Magnoliophyta","Plantae","Shrub","Eudicot","Angiosperm","Koop; Horvitz","Ecology","2005","10.1890/04-1483",NA,3,1999,2001,"1",5,"Plant height","No","No","Hardwood Forest",25.5,-88.8,NA,"USA","N America","TMB","A","Individual","Unmanipulated","W",1999,NA,NA,2002,NA,NA,"Divided","Yes","Relatively undisturbed hardwood",8,1,66,"Y_edits","edits to Transitional Forest 2000 based on original. Also do not matrixPopulation Schinus thicket 2000 as this is a replicate of 1999 and not in the original paper","Transitional forest",143,0.157271386031837,759.938838791994,2,363,793,0.00550964187327824,0.00252206809583859,0.0100028756205409,0.15359444169981,0.00785572100396401,167.482755513869,32.4597486089454,0.048524972902311,0.177255934800185,0.0846158310044462,66.6650308459275,1
"5575","Ardisia_elliptica","Ardisia elliptica","Shoebutton Ardisia","Ardisia","Primulaceae","Ericales","Magnoliopsida","Magnoliophyta","Plantae","Shrub","Eudicot","Angiosperm","Koop; Horvitz","Ecology","2005","10.1890/04-1483",NA,3,1999,2001,"1",5,"Plant height","No","No","Transitional Forest",25.5,-88.8,NA,"USA","N America","TMB","A","Individual","Unmanipulated","W",1999,NA,NA,2002,NA,NA,"Divided","Yes","Relatively disturbed habitat",8,0.995,67,"Y_edits","edits to Transitional Forest 2000 based on original. Also do not matrixPopulation Schinus thicket 2000 as this is a replicate of 1999 and not in the original paper","Transitional forest",144,0.284678659779882,782.776440723151,2,289,675,0.0069204152249135,0.00296296296296296,0.0121916317822106,0.264825140463993,0.00736044169968114,153.844960451842,10.2019887775718,0.0368866885857902,0.112603176511747,0.0496644861668754,41.1187511587182,1
"5579","Ardisia_elliptica","Ardisia elliptica","Shoebutton Ardisia","Ardisia","Primulaceae","Ericales","Magnoliopsida","Magnoliophyta","Plantae","Shrub","Eudicot","Angiosperm","Koop; Horvitz","Ecology","2005","10.1890/04-1483",NA,3,1999,2001,"1",5,"Plant height","No","No","Ardisia Thicket",25.5,-88.8,NA,"USA","N America","TMB","A","Individual","Unmanipulated","W",1999,NA,NA,2002,NA,NA,"Divided","Yes","Relatively disturbed habitat",8,1,68,"Y_edits","edits to Transitional Forest 2000 based on original. Also do not matrixPopulation Schinus thicket 2000 as this is a replicate of 1999 and not in the original paper","Transitional forest",145,0.303772045979277,128.228262108543,2,22,462,0.0909090909090909,0.00432900432900433,0.00657762217568564,0.0507901772051232,0.00256906799487339,260.365067885485,43.6961789573416,0.0778491308722103,0.760108418236423,0.157095181550179,105.938935858249,1
"5583","Ardisia_elliptica","Ardisia elliptica","Shoebutton Ardisia","Ardisia","Primulaceae","Ericales","Magnoliopsida","Magnoliophyta","Plantae","Shrub","Eudicot","Angiosperm","Koop; Horvitz","Ecology","2005","10.1890/04-1483",NA,3,1999,2001,"1",5,"Plant height","No","No","Schinus thicket",25.5,-88.8,NA,"USA","N America","TMB","A","Individual","Unmanipulated","W",1999,NA,NA,2001,NA,NA,"Divided","Yes","Relatively disturbed habitat",8,1,69,"Y_edits","edits to Transitional Forest 2000 based on original. Also do not matrixPopulation Schinus thicket 2000 as this is a replicate of 1999 and not in the original paper","Transitional forest",146,0.428778227686981,660.751027000465,2,98,584,0.0204081632653061,0.00342465753424658,0.0088849553156647,0.421466736220449,0.00492331164396481,216.467386954781,8.63222569874378,0.00586701930930486,0.0986133109101281,0.0168080346783745,24.4731508949107,1
"5640","Cytisus_scoparius","Cytisus scoparius","Common broom; Scotch broom; English broom","Cytisus","Leguminosae","Fabales","Magnoliopsida","Magnoliophyta","Plantae","Shrub","Eudicot","Angiosperm","Neubert; Parker","Risk Anal","2004","10.1111/j.0272-4332.2004.00481.x","Parker Ecol Appl 2000;  Stokes Div and Distrib 2006; McMahon; Metcalf Biol Inv 2008",4,1993,1996,"1",6,"Plant diameter; biomass","Yes","No","Johnson Prairie",47.1,-122.53,60,"USA","N America","TBM","A","Individual","Unmanipulated","W",1993,NA,NA,1995,NA,NA,"Divided","Yes","Invasion stage: edge",7,0.952666666666667,70,"Y_edits","coordinates added","urban grasslands and prairie",150,1.5052135602972,65.7384401565818,2,8,27,0.25,0.0740740740740741,0.190988494868509,0.282155343224414,0.00297925616413876,8.04156083709945,2.43027413587604,0.295826076977336,0.771107997455071,0.322909689401284,11.5367778497445,1
"5646","Cytisus_scoparius","Cytisus scoparius","Common broom; Scotch broom; English broom","Cytisus","Leguminosae","Fabales","Magnoliopsida","Magnoliophyta","Plantae","Shrub","Eudicot","Angiosperm","Neubert; Parker","Risk Anal","2004","10.1111/j.0272-4332.2004.00481.x","Parker Ecol Appl 2000;  Stokes Div and Distrib 2006; McMahon; Metcalf Biol Inv 2008",4,1993,1996,"1",6,"Plant diameter; biomass","Yes","No","Discovery Park",47.66,-122.41,60,"USA","N America","TBM","A","Individual","Unmanipulated","W",1993,NA,NA,1995,NA,NA,"Divided","Yes","Invasion stage: edge",7,0.914166666666667,71,"Y_edits","coordinates added","urban grasslands and prairie",151,0.407188378151419,0.518053599764618,4,17,24,0.235294117647059,0.166666666666667,0.802050975958856,0.211079209766472,0.00575518181441654,2.77558251554602,2.21163166397415,0.643320563182724,0.637358692340234,0.658828364783475,22.1954847171373,1
"5652","Cytisus_scoparius","Cytisus scoparius","Common broom; Scotch broom; English broom","Cytisus","Leguminosae","Fabales","Magnoliopsida","Magnoliophyta","Plantae","Shrub","Eudicot","Angiosperm","Neubert; Parker","Risk Anal","2004","10.1111/j.0272-4332.2004.00481.x","Parker Ecol Appl 2000;  Stokes Div and Distrib 2006; McMahon; Metcalf Biol Inv 2008",4,1993,1996,"1",6,"Plant diameter; biomass","Yes","No","13th Division Prairie",47.1,-122.53,60,"USA","N America","TBM","A","Individual","Unmanipulated","W",1994,NA,NA,1995,NA,NA,"Divided","Yes","Invasion stage: edge",7,0.99,72,"Y_edits","coordinates added","urban grasslands and prairie",152,1.42564953657934,1824.56781799118,2,79,237,0.0253164556962025,0.00843881856540084,0.0391805011899081,0.477924881299326,0.000257189525968757,48.7124659612185,2.33333333333333,0.0377658952612705,0.124229012496865,0.0418431584169431,15.8649927333784,1
"5654","Cytisus_scoparius","Cytisus scoparius","Common broom; Scotch broom; English broom","Cytisus","Leguminosae","Fabales","Magnoliopsida","Magnoliophyta","Plantae","Shrub","Eudicot","Angiosperm","Neubert; Parker","Risk Anal","2004","10.1111/j.0272-4332.2004.00481.x","Parker Ecol Appl 2000;  Stokes Div and Distrib 2006; McMahon; Metcalf Biol Inv 2008",4,1993,1996,"1",6,"Plant diameter; biomass","Yes","No","Weir Prairie",47.1,-122.53,60,"USA","N America","TBM","A","Individual","Unmanipulated","W",1994,NA,NA,1995,NA,NA,"Divided","Yes","Invasion stage: edge",7,0.977,73,"Y_edits","coordinates added","urban grasslands and prairie",153,0.971912568963135,301.912421971936,2,29,108,0.0689655172413793,0.0185185185185185,0.0813366654610584,0.226790805466095,0.00123583844316979,21.5058232132618,3.08333333333333,0.141234556393828,0.425372413348003,0.157281964407336,17.6458609627893,1
"5656","Cytisus_scoparius","Cytisus scoparius","Common broom; Scotch broom; English broom","Cytisus","Leguminosae","Fabales","Magnoliopsida","Magnoliophyta","Plantae","Shrub","Eudicot","Angiosperm","Neubert; Parker","Risk Anal","2004","10.1111/j.0272-4332.2004.00481.x","Parker Ecol Appl 2000;  Stokes Div and Distrib 2006; McMahon; Metcalf Biol Inv 2008",4,1993,1996,"1",6,"Plant diameter; biomass","Yes","No","Magnuson Park",47.68,-122.25,60,"USA","N America","TBM","A","Individual","Unmanipulated","W",1994,NA,NA,1995,NA,NA,"Divided","Yes","Invasion stage: edge",7,0.955,74,"Y_edits","coordinates added","urban grasslands and prairie",154,0.963851892027878,91.1840493093878,4,16,24,0.25,0.166666666666667,0.29742040974079,0.398349190077233,0.00118721131746929,11.040525455434,2.40845070422541,0.698117106232479,0.71591743054754,0.711242449439762,17.4797406252773,1
"5658","Cytisus_scoparius","Cytisus scoparius","Common broom; Scotch broom; English broom","Cytisus","Leguminosae","Fabales","Magnoliopsida","Magnoliophyta","Plantae","Shrub","Eudicot","Angiosperm","Neubert; Parker","Risk Anal","2004","10.1111/j.0272-4332.2004.00481.x","Parker Ecol Appl 2000;  Stokes Div and Distrib 2006; McMahon; Metcalf Biol Inv 2008",4,1993,1996,"1",6,"Plant diameter; biomass","Yes","No","Montlake Fill",47.66,-122.29,60,"USA","N America","TBM","A","Individual","Unmanipulated","W",1994,NA,NA,1995,NA,NA,"Divided","Yes","Invasion stage: edge",7,0.96,75,"Y_edits","coordinates added","urban grasslands and prairie",155,0.12294849165903,0.922127243991173,4,16,23,0.25,0.173913043478261,0.217665755387618,0.132560888352707,0,15.2028867102396,3.17391304347826,0.758462480991801,0.780960516066357,0.780418327840004,41.9703707267551,1
"5752","Lonicera_maackii","Lonicera maackii","Amur Honeysuckle; Bush Honeysuckle","Lonicera","Caprifoliaceae","Dipsacales","Magnoliopsida","Magnoliophyta","Plantae","Shrub","Eudicot","Angiosperm","Burns; Pardini; Schutzenhofer; Chung; Seidler; Knight","Ecology","2013","10.1890/12-1310.1","Burns Ecol 2013  Pers. comm.",2,2007,2008,"1",1,"No","Yes","No","Tyson Research Center",38.5,-90.5,187,"USA","N America","TBM","A","Individual","Unmanipulated","W",2007,NA,NA,2008,NA,NA,"Divided","Yes",NA,4,1,76,"Y_edits","Fixed longitude. Matches original study","Grassland",156,0.951923745479571,397.120554550933,2,8,131,0.25,0.0152671755725191,0.0189806628706389,0.321144695869352,0.0100130559439689,97.2222222222218,8.1481757259866,0.010057186061263,0.751750067256477,0.0592458125564841,11.3083255624443,1
"5857","Rosa_multiflora","Rosa multiflora",NA,"Rosa","Rosaceae","Rosales","Magnoliopsida","Magnoliophyta","Plantae","Shrub","Eudicot","Angiosperm","Burns; Pardini; Schutzenhofer; Chung; Seidler; Knight","Ecology","2013","10.1890/12-1310.1","Burns Ecol 2013  Pers. comm.",2,2007,2008,"1",1,"No","Yes","No","Tyson Research Center",38.5,-90.5,187,"USA","N America","TBM","A","Individual","Unmanipulated","W",2007,NA,NA,2008,NA,NA,"Divided","Yes",NA,4,1,77,"Y_edits","Fixed longitude. Matches original study","Forest",157,0.796407658363732,76.4633035714285,2,4,6,0.5,0.333333333333333,0.067011743752435,0.550126199930848,0.0343713278114543,25.3571428571428,4.48837209302326,0.32181604626691,0.925873715124816,0.711656713847971,7.70031167891204,1
"6418","Ailanthus_altissima","Ailanthus altissima","Tree of heaven","Ailanthus","Simaroubaceae","Sapindales","Magnoliopsida","Magnoliophyta","Plantae","Tree","Eudicot","Angiosperm","Burns; Pardini; Schutzenhofer; Chung; Seidler; Knight","Ecology","2013","10.1890/12-1310.1",NA,3,2007,2009,"1",1,"No","Yes","No","Tyson Research Center",38.5,-90.5,187,"USA","N America","TMB","A","Individual","Unmanipulated","W",2007,NA,NA,2008,NA,NA,"Divided","Yes",NA,4,0.76,78,"Y_edits","Fixed longitude, Note only one population measured for one year","Forest",158,0.400428353507576,0.535377425293868,4,17,25,0.235294117647059,0.16,0.397153945666236,0.103153392750722,0,4.07166123778502,6,0.300609805700422,0.427410287257839,0.405331902167947,13.0050863160059,1
"6553","Cecropia_obtusifolia","Cecropia obtusifolia",NA,"Cecropia","Urticaceae","Rosales","Magnoliopsida","Magnoliophyta","Plantae","Tree","Eudicot","Angiosperm","Alvarez-Buylla","Am Nat","1994","10.1086/285599",NA,8,1983,1990,"1",1,"DBH","No","No","Los Tuxtlas",18.5833333333333,-95.12,500,"MEX","N America","TMB","A","Individual","Unmanipulated","W",1983,NA,NA,1990,NA,NA,"Divided","Yes",NA,8,0.9656,79,"Y_edits","error ammended, longitude corrected","Forest",165,1.0308457369065,1.47292382471357,2,3,4,0.666666666666667,0.5,0.106285695223222,0.000245068121951372,0,14.2496921390282,4.56751553693972,NA,1,0.996372835973138,24.8674406943755,1
"6923","Sapium_sebiferum","Sapium sebiferum","Triadica sebifera; Chinese tallow tree; Florida aspen; Chicken tree; Gray popcorn tree; Candleberry tree","Triadica","Euphorbiaceae","Malpighiales","Magnoliopsida","Magnoliophyta","Plantae","Tree","Eudicot","Angiosperm","Renne","PhD thesis","2001","None",NA,4,1997,2000,"1",5,"Plant height","No","No","Maritime evergreen forest",33.3333333333333,-79.25,4,"USA","N America","TCF","A","Individual","Unmanipulated","W",1997,NA,NA,2000,NA,NA,"Divided","Yes",NA,12,1,80,"Y_edits","minor edits made to matrices to correct survivalIssue of 0.0001, longitude corrected","forest",171,0.676406616575928,128074.448068638,3,NA,NA,NA,NA,2.60747508552302e-05,0.151216716528438,0.0108554626763381,115042.105743716,11.726089858395,NA,NA,NA,114.539940066955,1
"6927","Sapium_sebiferum","Sapium sebiferum","Triadica sebifera; Chinese tallow tree; Florida aspen; Chicken tree; Gray popcorn tree; Candleberry tree","Triadica","Euphorbiaceae","Malpighiales","Magnoliopsida","Magnoliophyta","Plantae","Tree","Eudicot","Angiosperm","Renne","PhD thesis","2001","None",NA,4,1997,2000,"1",5,"Plant height","No","No","Loblolly pine forest",33.3333333333333,-79.25,4,"USA","N America","TCF","A","Individual","Unmanipulated","W",1997,NA,NA,2000,NA,NA,"Divided","Yes",NA,12,1,81,"Y_edits","minor edits made to matrices to correct survivalIssue of 0.0001, longitude corrected","forest",172,0.410635608806801,911.840411867541,3,487,1011,0.00616016427104723,0.0029673590504451,0.0137313065485444,0.374797366820167,0.0470938370470835,208.226479938187,10.2523654210714,0.0194249625993402,0.0575792556600519,0.0280248784094864,40.8332159442794,1
"6935","Sapium_sebiferum","Sapium sebiferum","Triadica sebifera; Chinese tallow tree; Florida aspen; Chicken tree; Gray popcorn tree; Candleberry tree","Triadica","Euphorbiaceae","Malpighiales","Magnoliopsida","Magnoliophyta","Plantae","Tree","Eudicot","Angiosperm","Renne","PhD thesis","2001","None",NA,4,1997,2000,"1",5,"Plant height","No","No","Young mixed pine-hardwood forest",33.3333333333333,-79.25,4,"USA","N America","TCF","A","Individual","Unmanipulated","W",1997,NA,NA,2000,NA,NA,"Divided","Yes",NA,12,1,82,"Y_edits","minor edits made to matrices to correct survivalIssue of 0.0001, longitude corrected","forest",173,0.784447160044813,NA,2,NA,NA,NA,NA,NA,0.237632948071034,0.0215480097966765,NA,NA,NA,NA,NA,NA,1
"6939","Sapium_sebiferum","Sapium sebiferum","Triadica sebifera; Chinese tallow tree; Florida aspen; Chicken tree; Gray popcorn tree; Candleberry tree","Triadica","Euphorbiaceae","Malpighiales","Magnoliopsida","Magnoliophyta","Plantae","Tree","Eudicot","Angiosperm","Renne","PhD thesis","2001","None",NA,4,1997,2000,"1",5,"Plant height","No","No","Bottomland hardwood forest",33.3333333333333,-79.25,4,"USA","N America","TCF","A","Individual","Unmanipulated","W",1997,NA,NA,2000,NA,NA,"Divided","Yes",NA,12,1,83,"Y_edits","minor edits made to matrices to correct survivalIssue of 0.0001, longitude corrected","forest",174,0.679446266131138,3.43679025374727,4,14,34,0.285714285714286,0.117647058823529,0.0424854534664466,0.0701567728933059,0.0244980633362264,76.8340565319978,17.3158153331818,0.3872650694217,0.861975481562369,0.676875190041989,103.01478300457,1
"162","Cerastium_fontanum","Cerastium fontanum",NA,"Cerastium","Caryophyllaceae","Apiales","Magnoliopsida","Magnoliophyta","Plantae","Annual","Eudicot","Angiosperm","Burns; Pardini; Schutzenhofer; Chung; Seidler; Knight","Ecology","2013","10.1890/12-1310.1","Burns Ecol 2013  Pers. comm.",2,2007,2008,"1",1,"No","Yes","No","Tyson Research Center",38.5,-90.5,187,"USA","N America","TBM","A","Mean","Unmanipulated","W",2007,NA,NA,2008,NA,NA,"Divided","Yes",NA,3,0.301,84,"Y_edits","Fixed longitude. Changes made to match original, only one population measured for one year","Grassland",180,4.56520000000001,4.5652,2,5,7,0.4,0.285714285714286,1,0,0,1,1,1,1,1,1.01543111471066,1
"1413","Carduus_nutans","Carduus nutans","Nodding thistle; Musk thistle","Carduus","Compositae","Asterales","Magnoliopsida","Magnoliophyta","Plantae","Herbaceous perennial","Eudicot","Angiosperm","Jongejans; Sheppard; Shea","J Appl Ecol","2006","10.1111/j.1365-2664.2006.01228.x","Jongejans J Ecol 2008; Shea Ecol 2005; Shea Ecol Appl 1998; Sheppard Weeds 1989; Woodburn; Sheppard 1996; Shea Ecol Appl 2010 (PDF)",4,1986,1989,"1",3,"Rosette area","Yes","No","Pop 1; Pop 2; Pop 3",44,3.15,800,"FRA","Europe","MED","A","Mean","Unmanipulated","W",1986,NA,NA,1989,NA,NA,"Divided","Yes","Sites were sheep-grazed. That was ""natural"" management, not an experimental treatment; The GPS coordinates were approximated to the closest geographic location described in the reference.",4,0.362433333333333,85,"Y","Correct, information on matrix splitting was obtained by compadre from author","grasslands",183,0.263253647232041,0.249558031955998,2,6,8,0.333333333333333,0.25,0.830354867220136,0.0452345288716131,0.00446341813192443,1.40860875145539,1,0.223905225978276,0.285293906640898,0.223905225978276,3.09562381508579,1
"1414","Carduus_nutans","Carduus nutans","Nodding thistle; Musk thistle","Carduus","Compositae","Asterales","Magnoliopsida","Magnoliophyta","Plantae","Herbaceous perennial","Eudicot","Angiosperm","Jongejans; Sheppard; Shea","J Appl Ecol","2006","10.1111/j.1365-2664.2006.01228.x","Jongejans J Ecol 2008; Shea Ecol 2005; Shea Ecol Appl 1998; Sheppard Weeds 1989; Woodburn; Sheppard 1996; Shea Ecol Appl 2010 (PDF)",4,1986,1989,"1",3,"Rosette area","Yes","No","Pop 1",44,3.15,800,"FRA","Europe","MED","A","Mean","Unmanipulated","W",1986,NA,NA,1989,NA,NA,"Divided","Yes","Sites were sheep-grazed. That was ""natural"" management, not an experimental treatment; The GPS coordinates were approximated to the closest geographic location described in the reference.",4,0.3505,86,"Y","Correct, information on matrix splitting was obtained by compadre from author","grasslands",184,0.111524076344969,0.0577555780844297,2,6,7,0.333333333333333,0.285714285714286,0.840138198329138,0.0352727737560896,0.000608048865680325,1.38056072676803,1,0.294411962119209,0.323071708008985,0.294411962119209,3.7547794742002,1
"1415","Carduus_nutans","Carduus nutans","Nodding thistle; Musk thistle","Carduus","Compositae","Asterales","Magnoliopsida","Magnoliophyta","Plantae","Herbaceous perennial","Eudicot","Angiosperm","Jongejans; Sheppard; Shea","J Appl Ecol","2006","10.1111/j.1365-2664.2006.01228.x","Jongejans J Ecol 2008; Shea Ecol 2005; Shea Ecol Appl 1998; Sheppard Weeds 1989; Woodburn; Sheppard 1996; Shea Ecol Appl 2010 (PDF)",4,1986,1989,"1",3,"Rosette area","Yes","No","Pop 2",44,3.15,800,"FRA","Europe","MED","A","Mean","Unmanipulated","W",1986,NA,NA,1989,NA,NA,"Divided","Yes","Sites were sheep-grazed. That was ""natural"" management, not an experimental treatment; The GPS coordinates were approximated to the closest geographic location described in the reference.",4,0.3624,87,"Y","Correct, information on matrix splitting was obtained by compadre from author","grasslands",185,0.273226072101741,0.250069072079019,2,6,8,0.333333333333333,0.25,0.927929449811799,0.0392566535238394,0.0251293684512323,1.15533627088313,0.999999999999999,0.0210995185529895,0.0230099150964724,0.0210995185529895,2.962790897753,1
"1416","Carduus_nutans","Carduus nutans","Nodding thistle; Musk thistle","Carduus","Compositae","Asterales","Magnoliopsida","Magnoliophyta","Plantae","Herbaceous perennial","Eudicot","Angiosperm","Jongejans; Sheppard; Shea","J Appl Ecol","2006","10.1111/j.1365-2664.2006.01228.x","Jongejans J Ecol 2008; Shea Ecol 2005; Shea Ecol Appl 1998; Sheppard Weeds 1989; Woodburn; Sheppard 1996; Shea Ecol Appl 2010 (PDF)",4,1986,1989,"1",3,"Rosette area","Yes","No","Pop 3",44,3.15,800,"FRA","Europe","MED","A","Mean","Unmanipulated","W",1986,NA,NA,1989,NA,NA,"Divided","Yes","Sites were sheep-grazed. That was ""natural"" management, not an experimental treatment; The GPS coordinates were approximated to the closest geographic location described in the reference.",4,0.4789,88,"Y","Correct, information on matrix splitting was obtained by compadre from author","grasslands",186,0.119888326595067,0.123436815229409,2,7,9,0.285714285714286,0.222222222222222,0.705983984431703,0.0590781754436536,0.00115668159572736,1.8329254545483,1,0.243927436699616,0.274299005565256,0.243927436699616,4.11292540928427,1
"1420","Carduus_nutans_3","Carduus nutans","Nodding thistle; Musk thistle","Carduus","Compositae","Asterales","Magnoliopsida","Magnoliophyta","Plantae","Herbaceous perennial","Eudicot","Angiosperm","Shea; Kelly; Sheppard; Woodburn","Ecology","2005","10.1890/05-0195",NA,9,1988,1996,"1",NA,"Yes","Yes","No","Kybeyan",-36.36,149.4,998,"AUS","Oceania",NA,"A","Mean","Unmanipulated","W",1988,NA,NA,1996,NA,NA,"Divided","Yes",NA,4,0.6565,89,"Y_edits","Latitude fixed","grasslands",187,0.688308834889817,1.78693369514963,2,7,10,0.285714285714286,0.2,0.624579828358885,0.187066721720667,0.000848320022116149,2.20215272602559,1,0.128947619344652,0.173494392530617,0.128947619344652,3.0316272348389,1
"1421","Carduus_nutans_3","Carduus nutans","Nodding thistle; Musk thistle","Carduus","Compositae","Asterales","Magnoliopsida","Magnoliophyta","Plantae","Herbaceous perennial","Eudicot","Angiosperm","Shea; Kelly; Sheppard; Woodburn","Ecology","2005","10.1890/05-0195",NA,9,1988,1996,"1",NA,"Yes","Yes","No","Midland",-40.25,175.716666666667,200,"NZL","Oceania",NA,"A","Mean","Unmanipulated","W",1988,NA,NA,1988,NA,NA,"Divided","Yes",NA,4,0.2229,90,"Y_edits","Latitude fixed","grasslands",188,3.29376317784473,4.11135465382528,2,4,4,0.5,0.5,0.992604993537645,0.0146922748523256,0,1.0149002,1,0.54188730725449,0.54188730725449,0.54188730725449,1.77856790796027,1
"1859","Cynoglossum_officinale","Cynoglossum officinale","Gypsyflower","Cynoglossum","Boraginaceae","Lamiales","Magnoliopsida","Magnoliophyta","Plantae","Herbaceous perennial","Eudicot","Angiosperm","Boorman; Fuller","New Phyto","1984","10.1111/j.1469-8137.1984.tb03596.x",NA,4,1973,1976,"1",10,"No","Yes","No","Holkham",52.97,0.77,10,"GBR","Europe","TBM","A","Mean","Unmanipulated","W",1973,NA,NA,1976,NA,NA,"Divided","Yes",NA,4,0.16,91,"Y_edits","coordinates added, matrices fixed","dune grasslands",191,0.989999999999999,1.17857142857143,2,3,5,0.666666666666667,0.4,0.91304347826087,0,0,1.19047619047619,1,0.169590643274854,0.318681318681318,0.169590643274854,2.18222638029373,1
"2873","Hieracium_floribundum","Hieracium floribundum","Yellow devil hawkweed","Hieracium","Compositae","Asterales","Magnoliopsida","Magnoliophyta","Plantae","Herbaceous perennial","Eudicot","Angiosperm","Thomas; Dale","Can J Bot","1975","10.1139/b75-331",NA,2,1970,1971,"1",1,"No","Yes","No","Arkell Springs Site",43.5458333333333,-80.233,328,"CAN","N America","TGS","A","Mean","Unmanipulated","W",1970,NA,NA,1971,NA,NA,"Divided","Yes","Corrected by Franco & Silvertown",4,1,92,"Y_edits","Longitude fixed","grassland",200,0.281344469628049,0.684607256831781,3,5,225,0.6,0.0133333333333333,0.0136136321541025,0.0492226850924492,0.0437420433041534,218.367346938778,1.99999999999975,0.0228952920757869,0.812772706228395,0.0228952920757869,262.33394889501,1
"2881","Himantoglossum_hircinum","Himantoglossum hircinum","Lizard orchid","Himantoglossum","Orchidaceae","Asparagales","Liliopsida","Magnoliophyta","Plantae","Herbaceous perennial","Monocot","Angiosperm","Pfeifer; Wiegand; Heinrich; Jetschke","J Appl Ecol","2006","10.1111/j.1365-2664.2006.01148.x",NA,26,1976,2001,"1",1,"Number of leaves","Yes","No","Leutratal Nature Reserve",50.9461111111111,11.5930555555556,178,"DEU","Europe","TBM","A","Mean","Unmanipulated","W",1976,NA,NA,2004,NA,NA,"Divided","Yes",NA,5,0.992,93,"Y_edits","Use as is","grassland",201,0.580528405759064,5.91979202132633,2,3,22,0.666666666666667,0.0909090909090909,0.124467471905602,0.128885277121485,0.08805701777995,8.57194904838526,7.49650618236638,0.000559511571118776,0.593666642907124,0.080476849252125,6.39621170929863,1
"5631","Banksia_ericifolia","Banksia ericifolia",NA,"Banksia","Proteaceae","Proteales","Magnoliopsida","Magnoliophyta","Plantae","Shrub","Eudicot","Angiosperm","Bradstock; O'Connell","Aust J Ecol","1988","10.1111/j.1442-9993.1988.tb00999.x",NA,4,1980,1983,"1",1,"No","No","Yes","Brisbane Water National Park",-33.48,151.25,142,"AUS","Oceania","TGS","A","Mean","Unmanipulated","W",1980,NA,NA,1983,NA,NA,"Divided","Yes",NA,9,0.93,94,"Y","Can't check original matrices but transitions types look reasonable.  Some seedling data is from experimental fires, but fire is natural in the ecosystem","Shrubland/forest",221,1.2164028710804,307.250652713131,6,59,90,0.101694915254237,0.0666666666666667,0.309107635694572,0.473488361692802,0,14.2857142857143,5.125,0.105005305999169,0.214249526087449,0.144732530718946,12.6228443664172,1
"5757","Miconia_albicans","Miconia albicans",NA,"Miconia","Melastomataceae","Myrtales","Magnoliopsida","Magnoliophyta","Plantae","Shrub","Eudicot","Angiosperm","Hoffmann","Ecology","1999","10.2307/177080","Ecological Archives E080-010-A1; Hoffmann Ecol 1999; Hoffmann J Appl Ecol 1998",5,1991,1995,"1",1,"Stem diameter","No","No","Ecological Reserve of the Brazilian Institute of Geography and Statistics (IBGE)",-15.93,-47.88,1093,"BRA","S America","TGV","A","Mean","Unmanipulated","W",1992,NA,NA,1995,NA,NA,"Divided","Yes",NA,13,1,95,"Y_edits","lat long ammended 
                                      Note: this is the unburnt control condition in a region that 
                                     experiences fire regimes","shrubland and forest",222,0.861524579960796,625.019786991302,2,5,7,0.4,0.285714285714286,0.0127637538935032,0.20630011729558,0.00166526357901607,148.886579351661,7.8071344795034,NA,0.987762972906717,0.965419813738023,37.8613957406823,1
"5806","Petrophile_pulchella","Petrophile pulchella",NA,"Petrophile","Proteaceae","Proteales","Magnoliopsida","Magnoliophyta","Plantae","Shrub","Eudicot","Angiosperm","Bradstock; O'Connell","Aust J Bot","1988","10.1111/j.1442-9993.1988.tb00999.x",NA,4,1980,1983,"1",7,"Plant height","No","No","Brisbane Water national Park",-33.48,151.25,170,"AUS","Oceania","TBM","A","Mean","Unmanipulated","W",1980,NA,NA,1983,NA,NA,"Divided","Yes","Only stage class 2-6 are described in paper, others are from old matrices file",9,0.97,96,"Y_edits","Latitude ammended. Can't check original matrices but transitions types look reasonable.  Some seedling data is from experimental fires, but fire is natural in the ecosystem","Shrubland/forest",223,1.06564391961575,806.994455327845,2,98,173,0.0204081632653061,0.0115606936416185,0.0514075887392901,0.470156386526538,0,33.3333333333333,5.57142857142856,0.0823893949435359,0.176456994286042,0.103266714854623,13.4712751503149,1
"6488","Brosimum_alicastrum","Brosimum alicastrum","Ramon; ojite; ojoche; capomo","Brosimum","Moraceae","Rosales","Magnoliopsida","Magnoliophyta","Plantae","Tree","Eudicot","Angiosperm","Peters","PhD thesis","1989","None",NA,2,1981,1982,"1",1,"DBH","Yes","No","Rancho Los Alpes",20.35,-97.23,78,"MEX","N America","TDB","A","Mean","Unmanipulated","W",1981,NA,NA,1982,NA,NA,"Divided","Yes",NA,13,1,97,"Y_edits","matrix editted so only female lifecycle is shown, longitude corrected","Tropical forest",230,1.10268038922609,50.8262912456589,3,4,5,0.75,0.6,0.0197299738183547,0.0196132640735559,0,136.3539445629,15.6989688175084,NA,NA,1,55.757195684893,1
"6977","Stryphnodendron_excelsum","Stryphnodendron microstachyum",NA,"Stryphnodendron","Leguminosae","Fabales","Magnoliopsida","Magnoliophyta","Plantae","Tree","Eudicot","Angiosperm","Hartshorn","PhD thesis","1972","None",NA,3,1969,1971,"1",1,"DBH","No","No","La Selva field station ",10.4333333333333,-83.983,49,"CRI","S America","TMB","A","Mean","Unmanipulated","W",1969,NA,NA,1971,NA,NA,"Divided","Yes",NA,13,1,98,"Y_edits","Longitude corrected","forest",239,0.212131818673364,37.3803349090017,2,13,82,0.153846153846154,0.024390243902439,0.0177556659165831,0.163679659595519,0,34.375,78.2651008780005,0.0267429462085824,0.938570833934707,0.629636522674396,78.603188512005,1
"5753","Lupinus_arboreus","Lupinus arboreus","Lupine","Lupinus","Leguminosae","Fabales","Magnoliopsida","Magnoliophyta","Plantae","Shrub","Eudicot","Angiosperm","Kauffman; Maron","Am Nat","2006","10.1086/507877","Maron Ecol 2006",7,1998,2004,"1",2,"Canopy area","No","No","Grassland; Dune",38.32,-123.06,NA,"USA","N America","DES","A","Mean","Unmanipulated","W",1998,NA,NA,2004,NA,NA,"Divided","Yes",NA,9,0.855,99,"Y_edits","lat long added.  Note: plants were planted
                            experimentally, and rodent predation manipulated.  Matrices
                            represent control conditions","grassland",246,1.68299624627627,8.14963781662789,3,12,17,0.25,0.176470588235294,0.733515761036575,0.440630990678558,0.0621422001616883,3.08989166880411,1,0.508525463519754,0.437291180688659,0.508525463519754,6.259994002867,1
"5754","Lupinus_arboreus","Lupinus arboreus","Lupine","Lupinus","Leguminosae","Fabales","Magnoliopsida","Magnoliophyta","Plantae","Shrub","Eudicot","Angiosperm","Kauffman; Maron","Am Nat","2006","10.1086/507877","Maron Ecol 2006",7,1998,2004,"1",2,"Canopy area","No","No","Grassland",38.32,-123.06,NA,"USA","N America","DES","A","Mean","Unmanipulated","W",1998,NA,NA,2004,NA,NA,"Divided","Yes",NA,9,0.85,100,"Y_edits","lat long added.  Note: plants were planted
                            experimentally, and rodent predation manipulated.  Matrices
                            represent control conditions","grassland",247,0.655295501107547,1.42230158570962,4,16,23,0.25,0.173913043478261,1.32553528784651,0.292008281916902,0.0927961380216622,2.0176488220834,1,0.223708332828596,0.184171690617967,0.223708332828596,7.90381234062236,1
"5755","Lupinus_arboreus","Lupinus arboreus","Lupine","Lupinus","Leguminosae","Fabales","Magnoliopsida","Magnoliophyta","Plantae","Shrub","Eudicot","Angiosperm","Kauffman; Maron","Am Nat","2006","10.1086/507877","Maron Ecol 2006",7,1998,2004,"1",2,"Canopy area","No","No","Dune",38.32,-123.06,NA,"USA","N America","DES","A","Mean","Unmanipulated","W",1998,NA,NA,2004,NA,NA,"Divided","Yes",NA,9,0.86,101,"Y_edits","lat long added.  Note: plants were planted
                            experimentally, and rodent predation manipulated.  Matrices
                            represent control conditions","grassland",248,0.288509149457466,1.35417737542941,3,10,15,0.3,0.2,0.559970679452128,0.442917439922694,0.122636944131126,4.35742336176456,0.999999999999999,0.598612421918359,0.592703465235824,0.598612421918359,8.96018893240415,1
"5907","Ulex_gallii","Ulex gallii",NA,"Ulex","Leguminosae","Fabales","Magnoliopsida","Magnoliophyta","Plantae","Shrub","Eudicot","Angiosperm","Stokes; Bullok;Watkinson","J Ecol","2004","10.1111/j.1365-2745.2004.00844.x",NA,2,1999,2000,"1",6,"Stem diameter","No","No","Aylesbeare Common; Coalton Radleigh Common; Canford Heath; Upton Heath; Gore Heath; Stoborough Heath",50.71,-3.32,NA,"GBR","Europe","TBM","A","Mean","Unmanipulated","W",1999,NA,NA,2000,NA,NA,"Divided","Yes","Gore Heath and Stoborough Heath site are mixed population containing Ulex_gallii AND Ulex_minor; Geolocations / Altitude of populations: 50° 42' 23'' N 3° 3° 20' 23'' W; 50° 41' 2'' N 3' 20' 20'' W; 50° 45' 33' N 1° 57' 32'' W; 50° 45' N 2° 1' 21'' W; 50° 42' 44'' N 2° 6' 17'' W; 50° 40' 2'' N 2° 6' 27'' W / 126 m; 99 m; 65 m; 29 m; 17 m; 17 m",18,0.986,102,"Y_edits","changed to individual matrix for the core range, instead of spatial mean. coordinates added based on paper.","heath",249,0.316652190508949,69.703806200088,2,154,297,0.012987012987013,0.00673400673400673,0.218774654424716,0.465928245149952,0,8.14182680465957,1,0.0188298146231808,0.0362680413625999,0.0188298146231808,15.7475142595282,1
